--
-- Table structure for table `cvn_trad_university_study_type`
--

DROP TABLE IF EXISTS `cvn_trad_university_study_type`;

CREATE TABLE `cvn_trad_university_study_type` (
  `ID_TRAD_UNIVERSITY_STUDY_TYPE` int(10) NOT NULL AUTO_INCREMENT,
  `OPERATOR` int(10) NOT NULL DEFAULT '1',
  `EXPRESSION` varchar(512) NOT NULL,
  `ID_UNIVERSITY_STUDY_TYPE` int(10) DEFAULT NULL,
  PRIMARY KEY (`ID_TRAD_UNIVERSITY_STUDY_TYPE`)  
);

CREATE OPERATOR_EXPRESSION_INDEX_TRAD_UNIV ON `cvn_trad_university_study_type`(`OPERATOR`,`EXPRESSION`);

--
-- Dumping data for table `cvn_trad_university_study_type`
--

INSERT INTO `cvn_trad_university_study_type` VALUES (1520,4,'bachelor of science in biomedical engineering',58);
INSERT INTO `cvn_trad_university_study_type` VALUES (1521,4,'bachelor of physical education',54);
INSERT INTO `cvn_trad_university_study_type` VALUES (1522,4,'bachelor of science in economics',59);
INSERT INTO `cvn_trad_university_study_type` VALUES (1523,4,'vetmb',69);
INSERT INTO `cvn_trad_university_study_type` VALUES (1524,4,'bachelor of commerce',19);
INSERT INTO `cvn_trad_university_study_type` VALUES (1525,4,'mgeophys',129);
INSERT INTO `cvn_trad_university_study_type` VALUES (1526,4,'becon',28);
INSERT INTO `cvn_trad_university_study_type` VALUES (1527,4,'doctor of podiatric medicine',80);
INSERT INTO `cvn_trad_university_study_type` VALUES (1528,4,'mbiol',108);
INSERT INTO `cvn_trad_university_study_type` VALUES (1529,4,'dipl ',89);
INSERT INTO `cvn_trad_university_study_type` VALUES (1530,4,'master of civic design',112);
INSERT INTO `cvn_trad_university_study_type` VALUES (1531,4,'doctor of education',187);
INSERT INTO `cvn_trad_university_study_type` VALUES (1532,4,'doctor of music',198);
INSERT INTO `cvn_trad_university_study_type` VALUES (1533,4,'master of biological science',107);
INSERT INTO `cvn_trad_university_study_type` VALUES (1534,4,'master of public affairs',155);
INSERT INTO `cvn_trad_university_study_type` VALUES (1535,4,'mphys',151);
INSERT INTO `cvn_trad_university_study_type` VALUES (1536,4,'bachelor of design',25);
INSERT INTO `cvn_trad_university_study_type` VALUES (1537,4,'specialist degree',176);
INSERT INTO `cvn_trad_university_study_type` VALUES (1538,4,'mclindent',113);
INSERT INTO `cvn_trad_university_study_type` VALUES (1539,4,'bachelor of music',49);
INSERT INTO `cvn_trad_university_study_type` VALUES (1540,4,'bachelor degree',3);
INSERT INTO `cvn_trad_university_study_type` VALUES (1541,4,'sjd',192);
INSERT INTO `cvn_trad_university_study_type` VALUES (1542,4,'bachelor of arts',13);
INSERT INTO `cvn_trad_university_study_type` VALUES (1543,4,'bme',4);
INSERT INTO `cvn_trad_university_study_type` VALUES (1544,4,'dd',186);
INSERT INTO `cvn_trad_university_study_type` VALUES (1545,4,'diplomphysiker',89);
INSERT INTO `cvn_trad_university_study_type` VALUES (1546,4,'macy',97);
INSERT INTO `cvn_trad_university_study_type` VALUES (1547,4,'doctor of environmental science and engineering',190);
INSERT INTO `cvn_trad_university_study_type` VALUES (1548,4,'dm',196);
INSERT INTO `cvn_trad_university_study_type` VALUES (1549,4,'do',78);
INSERT INTO `cvn_trad_university_study_type` VALUES (1550,4,'dr',178);
INSERT INTO `cvn_trad_university_study_type` VALUES (1551,4,'bachelor of civil law',18);
INSERT INTO `cvn_trad_university_study_type` VALUES (1552,4,'bmedsci',15);
INSERT INTO `cvn_trad_university_study_type` VALUES (1553,4,'mat',105);
INSERT INTO `cvn_trad_university_study_type` VALUES (1554,4,'basc',11);
INSERT INTO `cvn_trad_university_study_type` VALUES (1555,4,'master of science in engineering',160);
INSERT INTO `cvn_trad_university_study_type` VALUES (1556,4,'mba',109);
INSERT INTO `cvn_trad_university_study_type` VALUES (1557,4,'first degree',3);
INSERT INTO `cvn_trad_university_study_type` VALUES (1558,4,'mbiolsc',107);
INSERT INTO `cvn_trad_university_study_type` VALUES (1559,4,'doctor of letters',193);
INSERT INTO `cvn_trad_university_study_type` VALUES (1560,4,'mdrama',119);
INSERT INTO `cvn_trad_university_study_type` VALUES (1561,4,'mbi',90);
INSERT INTO `cvn_trad_university_study_type` VALUES (1562,4,'master of physics',151);
INSERT INTO `cvn_trad_university_study_type` VALUES (1563,4,'master of theology',169);
INSERT INTO `cvn_trad_university_study_type` VALUES (1564,4,'master of arts in law and diplomacy ',102);
INSERT INTO `cvn_trad_university_study_type` VALUES (1565,4,'master of business administration',109);
INSERT INTO `cvn_trad_university_study_type` VALUES (1566,4,'doctor of dental surgery',185);
INSERT INTO `cvn_trad_university_study_type` VALUES (1567,4,'mbt',91);
INSERT INTO `cvn_trad_university_study_type` VALUES (1568,4,'blitt',43);
INSERT INTO `cvn_trad_university_study_type` VALUES (1569,4,'mbm',110);
INSERT INTO `cvn_trad_university_study_type` VALUES (1570,4,'bsc(eng)',60);
INSERT INTO `cvn_trad_university_study_type` VALUES (1571,4,'bnurs',51);
INSERT INTO `cvn_trad_university_study_type` VALUES (1572,4,'mecon',121);
INSERT INTO `cvn_trad_university_study_type` VALUES (1573,4,'master of planning',152);
INSERT INTO `cvn_trad_university_study_type` VALUES (1574,4,'mcd',112);
INSERT INTO `cvn_trad_university_study_type` VALUES (1575,4,'dba',181);
INSERT INTO `cvn_trad_university_study_type` VALUES (1576,4,'bs',3);
INSERT INTO `cvn_trad_university_study_type` VALUES (1577,4,'licentiate of canon law',86);
INSERT INTO `cvn_trad_university_study_type` VALUES (1578,4,'master of public administration',154);
INSERT INTO `cvn_trad_university_study_type` VALUES (1579,4,'dr  rer  nat ',179);
INSERT INTO `cvn_trad_university_study_type` VALUES (1580,4,'doctor',178);
INSERT INTO `cvn_trad_university_study_type` VALUES (1581,4,'master of biochemistry',106);
INSERT INTO `cvn_trad_university_study_type` VALUES (1582,4,'msocsc',162);
INSERT INTO `cvn_trad_university_study_type` VALUES (1583,4,'bn',51);
INSERT INTO `cvn_trad_university_study_type` VALUES (1584,4,'march',99);
INSERT INTO `cvn_trad_university_study_type` VALUES (1585,4,'bmedsc',15);
INSERT INTO `cvn_trad_university_study_type` VALUES (1586,4,'doctor of sacred theology',204);
INSERT INTO `cvn_trad_university_study_type` VALUES (1587,4,'bachelor of journalism',38);
INSERT INTO `cvn_trad_university_study_type` VALUES (1588,4,'bj',38);
INSERT INTO `cvn_trad_university_study_type` VALUES (1589,4,'bm',46);
INSERT INTO `cvn_trad_university_study_type` VALUES (1590,4,'dphil',201);
INSERT INTO `cvn_trad_university_study_type` VALUES (1591,4,'bc',3);
INSERT INTO `cvn_trad_university_study_type` VALUES (1592,4,'bd',26);
INSERT INTO `cvn_trad_university_study_type` VALUES (1593,4,'be',31);
INSERT INTO `cvn_trad_university_study_type` VALUES (1594,4,'dc',73);
INSERT INTO `cvn_trad_university_study_type` VALUES (1595,4,'doctor of engineering',189);
INSERT INTO `cvn_trad_university_study_type` VALUES (1596,4,'da',180);
INSERT INTO `cvn_trad_university_study_type` VALUES (1597,4,'mlis',138);
INSERT INTO `cvn_trad_university_study_type` VALUES (1598,4,'licentiate of arts',85);
INSERT INTO `cvn_trad_university_study_type` VALUES (1599,4,'bachelor of veterinary medicine',69);
INSERT INTO `cvn_trad_university_study_type` VALUES (1600,4,'mdes',117);
INSERT INTO `cvn_trad_university_study_type` VALUES (1601,4,'bachelor of biomedical science',15);
INSERT INTO `cvn_trad_university_study_type` VALUES (1602,4,'bbus',16);
INSERT INTO `cvn_trad_university_study_type` VALUES (1603,4,'mmorse',142);
INSERT INTO `cvn_trad_university_study_type` VALUES (1604,4,'master of commerce',114);
INSERT INTO `cvn_trad_university_study_type` VALUES (1605,4,'pharmd',79);
INSERT INTO `cvn_trad_university_study_type` VALUES (1606,4,'scd',205);
INSERT INTO `cvn_trad_university_study_type` VALUES (1607,4,'bachelor of library and information science',42);
INSERT INTO `cvn_trad_university_study_type` VALUES (1608,4,'diplom',89);
INSERT INTO `cvn_trad_university_study_type` VALUES (1609,4,'lds',70);
INSERT INTO `cvn_trad_university_study_type` VALUES (1610,4,'master of studies',165);
INSERT INTO `cvn_trad_university_study_type` VALUES (1611,4,'master of arts in political studies',104);
INSERT INTO `cvn_trad_university_study_type` VALUES (1612,4,'med',122);
INSERT INTO `cvn_trad_university_study_type` VALUES (1613,4,'jcd',182);
INSERT INTO `cvn_trad_university_study_type` VALUES (1614,4,'blibstud',41);
INSERT INTO `cvn_trad_university_study_type` VALUES (1615,4,'master of computational mathematics',115);
INSERT INTO `cvn_trad_university_study_type` VALUES (1616,4,'master of clinical dentistry',113);
INSERT INTO `cvn_trad_university_study_type` VALUES (1617,4,'edd',187);
INSERT INTO `cvn_trad_university_study_type` VALUES (1618,4,'mres',158);
INSERT INTO `cvn_trad_university_study_type` VALUES (1619,4,'master of mathematics',139);
INSERT INTO `cvn_trad_university_study_type` VALUES (1620,4,'bachelor of general studies',34);
INSERT INTO `cvn_trad_university_study_type` VALUES (1621,4,'mprofstuds',153);
INSERT INTO `cvn_trad_university_study_type` VALUES (1622,4,'edb',30);
INSERT INTO `cvn_trad_university_study_type` VALUES (1623,4,'bachelor of ministry',48);
INSERT INTO `cvn_trad_university_study_type` VALUES (1624,4,'dds',185);
INSERT INTO `cvn_trad_university_study_type` VALUES (1625,4,'doctor of practical theology',202);
INSERT INTO `cvn_trad_university_study_type` VALUES (1626,4,'mtheol',169);
INSERT INTO `cvn_trad_university_study_type` VALUES (1627,4,'bachelor of industrial design',37);
INSERT INTO `cvn_trad_university_study_type` VALUES (1628,4,'eds',82);
INSERT INTO `cvn_trad_university_study_type` VALUES (1629,4,'jcl',86);
INSERT INTO `cvn_trad_university_study_type` VALUES (1630,4,'psyd',81);
INSERT INTO `cvn_trad_university_study_type` VALUES (1631,4,'ph d',201);
INSERT INTO `cvn_trad_university_study_type` VALUES (1632,4,'ba',13);
INSERT INTO `cvn_trad_university_study_type` VALUES (1633,4,'judr',83);
INSERT INTO `cvn_trad_university_study_type` VALUES (1634,4,'mfa',125);
INSERT INTO `cvn_trad_university_study_type` VALUES (1635,4,'bpe',54);
INSERT INTO `cvn_trad_university_study_type` VALUES (1636,4,'doctor of social science',206);
INSERT INTO `cvn_trad_university_study_type` VALUES (1637,4,'master in business technology',91);
INSERT INTO `cvn_trad_university_study_type` VALUES (1638,4,'dcm',72);
INSERT INTO `cvn_trad_university_study_type` VALUES (1639,4,'dcl',183);
INSERT INTO `cvn_trad_university_study_type` VALUES (1640,4,'mbio',88);
INSERT INTO `cvn_trad_university_study_type` VALUES (1641,4,'master of pharmacy',148);
INSERT INTO `cvn_trad_university_study_type` VALUES (1642,4,'ab',13);
INSERT INTO `cvn_trad_university_study_type` VALUES (1643,4,'doctor of civil law',183);
INSERT INTO `cvn_trad_university_study_type` VALUES (1644,4,'m sc',159);
INSERT INTO `cvn_trad_university_study_type` VALUES (1645,4,'diplom physiker',89);
INSERT INTO `cvn_trad_university_study_type` VALUES (1646,4,'bachelor of divinity',26);
INSERT INTO `cvn_trad_university_study_type` VALUES (1647,4,'mplan',152);
INSERT INTO `cvn_trad_university_study_type` VALUES (1648,4,'doctor of medicine',196);
INSERT INTO `cvn_trad_university_study_type` VALUES (1649,4,'phd',201);
INSERT INTO `cvn_trad_university_study_type` VALUES (1650,4,'bachelor of law',39);
INSERT INTO `cvn_trad_university_study_type` VALUES (1651,4,'dprof',203);
INSERT INTO `cvn_trad_university_study_type` VALUES (1652,4,'bdent',24);
INSERT INTO `cvn_trad_university_study_type` VALUES (1653,4,'doctor of business administration',181);
INSERT INTO `cvn_trad_university_study_type` VALUES (1654,4,'bba',17);
INSERT INTO `cvn_trad_university_study_type` VALUES (1655,4,'master of philosophy',149);
INSERT INTO `cvn_trad_university_study_type` VALUES (1656,4,'od',172);
INSERT INTO `cvn_trad_university_study_type` VALUES (1657,4,'edpsychd',188);
INSERT INTO `cvn_trad_university_study_type` VALUES (1658,4,'bsocsc',63);
INSERT INTO `cvn_trad_university_study_type` VALUES (1659,4,'deng',189);
INSERT INTO `cvn_trad_university_study_type` VALUES (1660,4,'phl',177);
INSERT INTO `cvn_trad_university_study_type` VALUES (1661,4,'master of design',117);
INSERT INTO `cvn_trad_university_study_type` VALUES (1662,4,'master equivalent',89);
INSERT INTO `cvn_trad_university_study_type` VALUES (1663,4,'mstat',164);
INSERT INTO `cvn_trad_university_study_type` VALUES (1664,4,'bachelor of veterinary (medical) science',68);
INSERT INTO `cvn_trad_university_study_type` VALUES (1665,4,'master of informatics',131);
INSERT INTO `cvn_trad_university_study_type` VALUES (1666,4,'master''s degree',171);
INSERT INTO `cvn_trad_university_study_type` VALUES (1667,4,'bae',14);
INSERT INTO `cvn_trad_university_study_type` VALUES (1668,4,'meng',123);
INSERT INTO `cvn_trad_university_study_type` VALUES (1669,4,'doctor of divinity',186);
INSERT INTO `cvn_trad_university_study_type` VALUES (1670,4,'pd',79);
INSERT INTO `cvn_trad_university_study_type` VALUES (1671,4,'mdiv',118);
INSERT INTO `cvn_trad_university_study_type` VALUES (1672,4,'master of teaching and learning',166);
INSERT INTO `cvn_trad_university_study_type` VALUES (1673,4,'master in product developmen',93);
INSERT INTO `cvn_trad_university_study_type` VALUES (1674,4,'bachelor of applied science',11);
INSERT INTO `cvn_trad_university_study_type` VALUES (1675,4,'licence in dental surgery',70);
INSERT INTO `cvn_trad_university_study_type` VALUES (1676,4,'bas',11);
INSERT INTO `cvn_trad_university_study_type` VALUES (1677,4,'bao',2);
INSERT INTO `cvn_trad_university_study_type` VALUES (1678,4,'dnurssc',200);
INSERT INTO `cvn_trad_university_study_type` VALUES (1679,4,'master of social science',162);
INSERT INTO `cvn_trad_university_study_type` VALUES (1680,4,'musd',198);
INSERT INTO `cvn_trad_university_study_type` VALUES (1681,4,'musb',49);
INSERT INTO `cvn_trad_university_study_type` VALUES (1682,4,'duniv',210);
INSERT INTO `cvn_trad_university_study_type` VALUES (1683,4,'d phil',201);
INSERT INTO `cvn_trad_university_study_type` VALUES (1684,4,'mlib',137);
INSERT INTO `cvn_trad_university_study_type` VALUES (1685,4,'master of physical therapy',150);
INSERT INTO `cvn_trad_university_study_type` VALUES (1686,4,'md',196);
INSERT INTO `cvn_trad_university_study_type` VALUES (1687,4,'ma',100);
INSERT INTO `cvn_trad_university_study_type` VALUES (1688,4,'master of fine art',125);
INSERT INTO `cvn_trad_university_study_type` VALUES (1689,4,'mb',46);
INSERT INTO `cvn_trad_university_study_type` VALUES (1690,4,'bds',23);
INSERT INTO `cvn_trad_university_study_type` VALUES (1691,4,'mprofst',153);
INSERT INTO `cvn_trad_university_study_type` VALUES (1692,4,'me',123);
INSERT INTO `cvn_trad_university_study_type` VALUES (1693,4,'master of architecture',99);
INSERT INTO `cvn_trad_university_study_type` VALUES (1694,4,'bvmedsc',68);
INSERT INTO `cvn_trad_university_study_type` VALUES (1695,4,'mj',92);
INSERT INTO `cvn_trad_university_study_type` VALUES (1696,4,'mlitt',135);
INSERT INTO `cvn_trad_university_study_type` VALUES (1697,4,'bachelor of health science',35);
INSERT INTO `cvn_trad_university_study_type` VALUES (1698,4,'bachelor of accounting',8);
INSERT INTO `cvn_trad_university_study_type` VALUES (1699,4,'bcl',18);
INSERT INTO `cvn_trad_university_study_type` VALUES (1700,4,'bcj',22);
INSERT INTO `cvn_trad_university_study_type` VALUES (1701,4,'ms',171);
INSERT INTO `cvn_trad_university_study_type` VALUES (1702,4,'mmathcomp',115);
INSERT INTO `cvn_trad_university_study_type` VALUES (1703,4,'bch',64);
INSERT INTO `cvn_trad_university_study_type` VALUES (1704,4,'master of geography',127);
INSERT INTO `cvn_trad_university_study_type` VALUES (1705,4,'dvm',211);
INSERT INTO `cvn_trad_university_study_type` VALUES (1706,4,'diploma',89);
INSERT INTO `cvn_trad_university_study_type` VALUES (1707,4,'doctor of literature',194);
INSERT INTO `cvn_trad_university_study_type` VALUES (1708,4,'bachelor of medical science',45);
INSERT INTO `cvn_trad_university_study_type` VALUES (1709,4,'nd',77);
INSERT INTO `cvn_trad_university_study_type` VALUES (1710,4,'master of science in nursing',161);
INSERT INTO `cvn_trad_university_study_type` VALUES (1711,4,'bcs',20);
INSERT INTO `cvn_trad_university_study_type` VALUES (1712,4,'bachelor of liberal studies',41);
INSERT INTO `cvn_trad_university_study_type` VALUES (1713,4,'podd',173);
INSERT INTO `cvn_trad_university_study_type` VALUES (1714,4,'dhsc',191);
INSERT INTO `cvn_trad_university_study_type` VALUES (1715,4,'b s',56);
INSERT INTO `cvn_trad_university_study_type` VALUES (1716,4,'doctor of psychology',81);
INSERT INTO `cvn_trad_university_study_type` VALUES (1717,4,'bachelor of midwifery',47);
INSERT INTO `cvn_trad_university_study_type` VALUES (1718,4,'licentiate of sacred theology',87);
INSERT INTO `cvn_trad_university_study_type` VALUES (1719,4,'bhsc',35);
INSERT INTO `cvn_trad_university_study_type` VALUES (1720,4,'mbiolsci',106);
INSERT INTO `cvn_trad_university_study_type` VALUES (1721,4,'licentiate in sacred theology',84);
INSERT INTO `cvn_trad_university_study_type` VALUES (1722,4,'msci',159);
INSERT INTO `cvn_trad_university_study_type` VALUES (1723,4,'mmathphys',140);
INSERT INTO `cvn_trad_university_study_type` VALUES (1724,4,'doctor of arts',180);
INSERT INTO `cvn_trad_university_study_type` VALUES (1725,4,'b a',3);
INSERT INTO `cvn_trad_university_study_type` VALUES (1726,4,'bphil',53);
INSERT INTO `cvn_trad_university_study_type` VALUES (1727,4,'socscd',206);
INSERT INTO `cvn_trad_university_study_type` VALUES (1728,4,'bed',30);
INSERT INTO `cvn_trad_university_study_type` VALUES (1729,4,'bec',5);
INSERT INTO `cvn_trad_university_study_type` VALUES (1730,4,'mchem',111);
INSERT INTO `cvn_trad_university_study_type` VALUES (1731,4,'bappsc',11);
INSERT INTO `cvn_trad_university_study_type` VALUES (1732,4,'mtech',167);
INSERT INTO `cvn_trad_university_study_type` VALUES (1733,4,'macc',97);
INSERT INTO `cvn_trad_university_study_type` VALUES (1734,4,'juris doctor',83);
INSERT INTO `cvn_trad_university_study_type` VALUES (1735,4,'master of advanced studies',98);
INSERT INTO `cvn_trad_university_study_type` VALUES (1736,4,'bfa',33);
INSERT INTO `cvn_trad_university_study_type` VALUES (1737,4,'bsc(econ)',59);
INSERT INTO `cvn_trad_university_study_type` VALUES (1738,4,'bachelor of education',30);
INSERT INTO `cvn_trad_university_study_type` VALUES (1739,4,'becon&fin',29);
INSERT INTO `cvn_trad_university_study_type` VALUES (1740,4,'bhk',36);
INSERT INTO `cvn_trad_university_study_type` VALUES (1741,4,'bagrec',10);
INSERT INTO `cvn_trad_university_study_type` VALUES (1742,4,'master of liberal studies',136);
INSERT INTO `cvn_trad_university_study_type` VALUES (1743,4,'dmus',198);
INSERT INTO `cvn_trad_university_study_type` VALUES (1744,4,'bmus',49);
INSERT INTO `cvn_trad_university_study_type` VALUES (1745,4,'bachelor of administration',9);
INSERT INTO `cvn_trad_university_study_type` VALUES (1746,4,'bachelor of science in engineering',60);
INSERT INTO `cvn_trad_university_study_type` VALUES (1747,4,'bpharm',52);
INSERT INTO `cvn_trad_university_study_type` VALUES (1748,4,'bachelor of teaching',65);
INSERT INTO `cvn_trad_university_study_type` VALUES (1749,4,'bachelor of human kinetics',36);
INSERT INTO `cvn_trad_university_study_type` VALUES (1750,4,'mphil',149);
INSERT INTO `cvn_trad_university_study_type` VALUES (1751,4,'mgeol',128);
INSERT INTO `cvn_trad_university_study_type` VALUES (1752,4,'lic arts',85);
INSERT INTO `cvn_trad_university_study_type` VALUES (1753,4,'mgeog',127);
INSERT INTO `cvn_trad_university_study_type` VALUES (1754,4,'bid',37);
INSERT INTO `cvn_trad_university_study_type` VALUES (1755,4,'doctor of the science of law',209);
INSERT INTO `cvn_trad_university_study_type` VALUES (1756,4,'doctorate in veterinary medicine',211);
INSERT INTO `cvn_trad_university_study_type` VALUES (1757,4,'masters degree',171);
INSERT INTO `cvn_trad_university_study_type` VALUES (1758,4,'dclinpsych',184);
INSERT INTO `cvn_trad_university_study_type` VALUES (1759,4,'doctor of osteopathic medicine',78);
INSERT INTO `cvn_trad_university_study_type` VALUES (1760,4,'bachelor of dental surgery',23);
INSERT INTO `cvn_trad_university_study_type` VALUES (1761,4,'bchir',64);
INSERT INTO `cvn_trad_university_study_type` VALUES (1762,4,'bgs',34);
INSERT INTO `cvn_trad_university_study_type` VALUES (1763,4,'doctor in rerum naturalis',179);
INSERT INTO `cvn_trad_university_study_type` VALUES (1764,4,'doctor of clinical psychology',184);
INSERT INTO `cvn_trad_university_study_type` VALUES (1765,4,'jd',83);
INSERT INTO `cvn_trad_university_study_type` VALUES (1766,4,'doctor of ministry',197);
INSERT INTO `cvn_trad_university_study_type` VALUES (1767,4,'bachelor of business administration',17);
INSERT INTO `cvn_trad_university_study_type` VALUES (1768,4,'master in theology',96);
INSERT INTO `cvn_trad_university_study_type` VALUES (1769,4,'master of fine arts',126);
INSERT INTO `cvn_trad_university_study_type` VALUES (1770,4,'mph',156);
INSERT INTO `cvn_trad_university_study_type` VALUES (1771,4,'mpd',93);
INSERT INTO `cvn_trad_university_study_type` VALUES (1772,4,'master of the university',170);
INSERT INTO `cvn_trad_university_study_type` VALUES (1773,4,'mpp',157);
INSERT INTO `cvn_trad_university_study_type` VALUES (1774,4,'mpm',175);
INSERT INTO `cvn_trad_university_study_type` VALUES (1775,4,'master of nursing science',146);
INSERT INTO `cvn_trad_university_study_type` VALUES (1776,4,'btchg',65);
INSERT INTO `cvn_trad_university_study_type` VALUES (1777,4,'mmus',144);
INSERT INTO `cvn_trad_university_study_type` VALUES (1778,4,'bachelor of mathematics',44);
INSERT INTO `cvn_trad_university_study_type` VALUES (1779,4,'educational specialists',82);
INSERT INTO `cvn_trad_university_study_type` VALUES (1780,4,'mps',153);
INSERT INTO `cvn_trad_university_study_type` VALUES (1781,4,'mpt',150);
INSERT INTO `cvn_trad_university_study_type` VALUES (1782,4,'master in jurisprudence',92);
INSERT INTO `cvn_trad_university_study_type` VALUES (1783,4,'dps',203);
INSERT INTO `cvn_trad_university_study_type` VALUES (1784,4,'mocean',147);
INSERT INTO `cvn_trad_university_study_type` VALUES (1785,4,'master of library and information science',138);
INSERT INTO `cvn_trad_university_study_type` VALUES (1786,4,'dpm',80);
INSERT INTO `cvn_trad_university_study_type` VALUES (1787,4,'bachelor in biomedical engineering',4);
INSERT INTO `cvn_trad_university_study_type` VALUES (1788,4,'master of environmental science',124);
INSERT INTO `cvn_trad_university_study_type` VALUES (1789,4,'mnurssc',146);
INSERT INTO `cvn_trad_university_study_type` VALUES (1790,4,'dpt',202);
INSERT INTO `cvn_trad_university_study_type` VALUES (1791,4,'bachelor of literature',43);
INSERT INTO `cvn_trad_university_study_type` VALUES (1792,4,'baccalaureus in arte obstetricia',2);
INSERT INTO `cvn_trad_university_study_type` VALUES (1793,4,'bachelor of medicine',46);
INSERT INTO `cvn_trad_university_study_type` VALUES (1794,4,'two years of a 4 years phd course',177);
INSERT INTO `cvn_trad_university_study_type` VALUES (1795,4,'dmin',197);
INSERT INTO `cvn_trad_university_study_type` VALUES (1796,4,'mpa',154);
INSERT INTO `cvn_trad_university_study_type` VALUES (1797,4,'master of theological studies',168);
INSERT INTO `cvn_trad_university_study_type` VALUES (1798,4,'master of economics',121);
INSERT INTO `cvn_trad_university_study_type` VALUES (1799,4,'master of health law',130);
INSERT INTO `cvn_trad_university_study_type` VALUES (1800,4,'doctor of nursing science',200);
INSERT INTO `cvn_trad_university_study_type` VALUES (1801,4,'dlit',194);
INSERT INTO `cvn_trad_university_study_type` VALUES (1802,4,'oculus doctor',172);
INSERT INTO `cvn_trad_university_study_type` VALUES (1803,4,'mre',94);
INSERT INTO `cvn_trad_university_study_type` VALUES (1804,4,'bmsc',15);
INSERT INTO `cvn_trad_university_study_type` VALUES (1805,4,'master of research',158);
INSERT INTO `cvn_trad_university_study_type` VALUES (1806,4,'bvetmed',69);
INSERT INTO `cvn_trad_university_study_type` VALUES (1807,4,'master of arts in teaching',105);
INSERT INTO `cvn_trad_university_study_type` VALUES (1808,4,'bacc',8);
INSERT INTO `cvn_trad_university_study_type` VALUES (1809,4,'master of chemistry',111);
INSERT INTO `cvn_trad_university_study_type` VALUES (1810,4,'master of professional studies',153);
INSERT INTO `cvn_trad_university_study_type` VALUES (1811,4,'master degree',88);
INSERT INTO `cvn_trad_university_study_type` VALUES (1812,4,'mse',160);
INSERT INTO `cvn_trad_university_study_type` VALUES (1813,4,'msc',159);
INSERT INTO `cvn_trad_university_study_type` VALUES (1814,4,'bachelor of counseling',21);
INSERT INTO `cvn_trad_university_study_type` VALUES (1815,4,'bachelor of agricultural economics',10);
INSERT INTO `cvn_trad_university_study_type` VALUES (1816,4,'doctor of dental medicine',74);
INSERT INTO `cvn_trad_university_study_type` VALUES (1817,4,'professional degree',175);
INSERT INTO `cvn_trad_university_study_type` VALUES (1818,4,'bachelor of theology',67);
INSERT INTO `cvn_trad_university_study_type` VALUES (1819,4,'bachelor of engineering',31);
INSERT INTO `cvn_trad_university_study_type` VALUES (1820,4,'bachelor of criminal justice',22);
INSERT INTO `cvn_trad_university_study_type` VALUES (1821,4,'bacy',7);
INSERT INTO `cvn_trad_university_study_type` VALUES (1822,4,'master of statistics',164);
INSERT INTO `cvn_trad_university_study_type` VALUES (1823,4,'master of technology',167);
INSERT INTO `cvn_trad_university_study_type` VALUES (1824,4,'bachelor in economics',5);
INSERT INTO `cvn_trad_university_study_type` VALUES (1825,4,'mts',168);
INSERT INTO `cvn_trad_university_study_type` VALUES (1826,4,'musm',144);
INSERT INTO `cvn_trad_university_study_type` VALUES (1827,4,'dsw',207);
INSERT INTO `cvn_trad_university_study_type` VALUES (1828,4,'bachelor of economics',28);
INSERT INTO `cvn_trad_university_study_type` VALUES (1829,4,'master of drama',119);
INSERT INTO `cvn_trad_university_study_type` VALUES (1830,4,'bcoun',21);
INSERT INTO `cvn_trad_university_study_type` VALUES (1831,4,'muniv',170);
INSERT INTO `cvn_trad_university_study_type` VALUES (1832,4,'mtl',166);
INSERT INTO `cvn_trad_university_study_type` VALUES (1833,4,'barch',12);
INSERT INTO `cvn_trad_university_study_type` VALUES (1834,4,'beng',31);
INSERT INTO `cvn_trad_university_study_type` VALUES (1835,4,'blis',42);
INSERT INTO `cvn_trad_university_study_type` VALUES (1836,4,'mth',169);
INSERT INTO `cvn_trad_university_study_type` VALUES (1837,4,'bachelor of science',56);
INSERT INTO `cvn_trad_university_study_type` VALUES (1838,4,'master of jurisprudence',133);
INSERT INTO `cvn_trad_university_study_type` VALUES (1839,4,'ssp',176);
INSERT INTO `cvn_trad_university_study_type` VALUES (1840,4,'bvsc',68);
INSERT INTO `cvn_trad_university_study_type` VALUES (1841,4,'bachelor of architecture',12);
INSERT INTO `cvn_trad_university_study_type` VALUES (1842,4,'mst',165);
INSERT INTO `cvn_trad_university_study_type` VALUES (1843,4,'msn',161);
INSERT INTO `cvn_trad_university_study_type` VALUES (1844,4,'dedpsy',188);
INSERT INTO `cvn_trad_university_study_type` VALUES (1845,4,'stb',55);
INSERT INTO `cvn_trad_university_study_type` VALUES (1846,4,'std',204);
INSERT INTO `cvn_trad_university_study_type` VALUES (1847,4,'stm',84);
INSERT INTO `cvn_trad_university_study_type` VALUES (1848,4,'podiatry degree',173);
INSERT INTO `cvn_trad_university_study_type` VALUES (1849,4,'master of mathematics and physics',140);
INSERT INTO `cvn_trad_university_study_type` VALUES (1850,4,'stl',87);
INSERT INTO `cvn_trad_university_study_type` VALUES (1851,4,'phil  habil ',213);
INSERT INTO `cvn_trad_university_study_type` VALUES (1852,4,'sb',56);
INSERT INTO `cvn_trad_university_study_type` VALUES (1853,4,'msw',163);
INSERT INTO `cvn_trad_university_study_type` VALUES (1854,4,'master of education',122);
INSERT INTO `cvn_trad_university_study_type` VALUES (1855,4,'master in business informatics',90);
INSERT INTO `cvn_trad_university_study_type` VALUES (1856,4,'master of librarianship',137);
INSERT INTO `cvn_trad_university_study_type` VALUES (1857,4,'bachelor of science and arts',57);
INSERT INTO `cvn_trad_university_study_type` VALUES (1858,4,'bachelor of technology ',66);
INSERT INTO `cvn_trad_university_study_type` VALUES (1859,4,'mesci',120);
INSERT INTO `cvn_trad_university_study_type` VALUES (1860,4,'doctor of health science',191);
INSERT INTO `cvn_trad_university_study_type` VALUES (1861,4,'menvsc',124);
INSERT INTO `cvn_trad_university_study_type` VALUES (1862,4,'master of accountancy',97);
INSERT INTO `cvn_trad_university_study_type` VALUES (1863,4,'master of public policy',157);
INSERT INTO `cvn_trad_university_study_type` VALUES (1864,4,'master of mathematics and statistics',141);
INSERT INTO `cvn_trad_university_study_type` VALUES (1865,4,'habil ',212);
INSERT INTO `cvn_trad_university_study_type` VALUES (1866,4,'denv',190);
INSERT INTO `cvn_trad_university_study_type` VALUES (1867,4,'doctor of theology',208);
INSERT INTO `cvn_trad_university_study_type` VALUES (1868,4,'jsd',209);
INSERT INTO `cvn_trad_university_study_type` VALUES (1869,4,'bachelor of fine art',33);
INSERT INTO `cvn_trad_university_study_type` VALUES (1870,4,'bchd',23);
INSERT INTO `cvn_trad_university_study_type` VALUES (1871,4,'master of arts in liberal studies',103);
INSERT INTO `cvn_trad_university_study_type` VALUES (1872,4,'master of natural science',145);
INSERT INTO `cvn_trad_university_study_type` VALUES (1873,4,'mearthsci',120);
INSERT INTO `cvn_trad_university_study_type` VALUES (1874,4,'bscecon',27);
INSERT INTO `cvn_trad_university_study_type` VALUES (1875,4,'bachelor of sacred theology',55);
INSERT INTO `cvn_trad_university_study_type` VALUES (1876,4,'bsbme',58);
INSERT INTO `cvn_trad_university_study_type` VALUES (1877,4,'btheol',67);
INSERT INTO `cvn_trad_university_study_type` VALUES (1878,4,'mcomm',114);
INSERT INTO `cvn_trad_university_study_type` VALUES (1879,4,'mpharm',148);
INSERT INTO `cvn_trad_university_study_type` VALUES (1880,4,'mcomp',116);
INSERT INTO `cvn_trad_university_study_type` VALUES (1881,4,'master of geology',128);
INSERT INTO `cvn_trad_university_study_type` VALUES (1882,4,'bmath',44);
INSERT INTO `cvn_trad_university_study_type` VALUES (1883,4,'philosophical habilitation',213);
INSERT INTO `cvn_trad_university_study_type` VALUES (1884,4,'habilitation',212);
INSERT INTO `cvn_trad_university_study_type` VALUES (1885,4,'bsocsci',63);
INSERT INTO `cvn_trad_university_study_type` VALUES (1886,4,'master of business and management',110);
INSERT INTO `cvn_trad_university_study_type` VALUES (1887,4,'dsc',205);
INSERT INTO `cvn_trad_university_study_type` VALUES (1888,4,'bachelor of music education',50);
INSERT INTO `cvn_trad_university_study_type` VALUES (1889,4,'mpaff',155);
INSERT INTO `cvn_trad_university_study_type` VALUES (1890,4,'mhl',130);
INSERT INTO `cvn_trad_university_study_type` VALUES (1891,4,'dlitt',193);
INSERT INTO `cvn_trad_university_study_type` VALUES (1892,4,'doctor of litterae',195);
INSERT INTO `cvn_trad_university_study_type` VALUES (1893,4,'doctor of the university',210);
INSERT INTO `cvn_trad_university_study_type` VALUES (1894,4,'doctor of chiropractic',73);
INSERT INTO `cvn_trad_university_study_type` VALUES (1895,4,'master of geophysics',129);
INSERT INTO `cvn_trad_university_study_type` VALUES (1896,4,'bachelor of finance',32);
INSERT INTO `cvn_trad_university_study_type` VALUES (1897,4,'bfin',32);
INSERT INTO `cvn_trad_university_study_type` VALUES (1898,4,'mjur',133);
INSERT INTO `cvn_trad_university_study_type` VALUES (1899,4,'bmid',47);
INSERT INTO `cvn_trad_university_study_type` VALUES (1900,4,'master of mathematics, operational research, statistics and economics',142);
INSERT INTO `cvn_trad_university_study_type` VALUES (1901,4,'doctor of philosophy',201);
INSERT INTO `cvn_trad_university_study_type` VALUES (1902,4,'master of engineering',123);
INSERT INTO `cvn_trad_university_study_type` VALUES (1903,4,'bachelor of social science',63);
INSERT INTO `cvn_trad_university_study_type` VALUES (1904,4,'mapol',104);
INSERT INTO `cvn_trad_university_study_type` VALUES (1905,4,'bachelor of pharmacy',52);
INSERT INTO `cvn_trad_university_study_type` VALUES (1906,4,'bsn',61);
INSERT INTO `cvn_trad_university_study_type` VALUES (1907,4,'bmin',48);
INSERT INTO `cvn_trad_university_study_type` VALUES (1908,4,'master of letters',135);
INSERT INTO `cvn_trad_university_study_type` VALUES (1909,4,'bsa',57);
INSERT INTO `cvn_trad_university_study_type` VALUES (1910,4,'bachelor in social work',6);
INSERT INTO `cvn_trad_university_study_type` VALUES (1911,4,'bsc',56);
INSERT INTO `cvn_trad_university_study_type` VALUES (1912,4,'bachelor of science in psychology',62);
INSERT INTO `cvn_trad_university_study_type` VALUES (1913,4,'b sc',56);
INSERT INTO `cvn_trad_university_study_type` VALUES (1914,4,'bsc(psych)',62);
INSERT INTO `cvn_trad_university_study_type` VALUES (1915,4,'doctor of naturopathic medicine',77);
INSERT INTO `cvn_trad_university_study_type` VALUES (1916,4,'master in religious education',94);
INSERT INTO `cvn_trad_university_study_type` VALUES (1917,4,'doctor of chiropractic medicine',72);
INSERT INTO `cvn_trad_university_study_type` VALUES (1918,4,'mmathstat',141);
INSERT INTO `cvn_trad_university_study_type` VALUES (1919,4,'mssc',162);
INSERT INTO `cvn_trad_university_study_type` VALUES (1920,4,'littd',193);
INSERT INTO `cvn_trad_university_study_type` VALUES (1921,4,'bsw',6);
INSERT INTO `cvn_trad_university_study_type` VALUES (1922,4,'littb',43);
INSERT INTO `cvn_trad_university_study_type` VALUES (1923,4,'mmedsc',143);
INSERT INTO `cvn_trad_university_study_type` VALUES (1924,4,'dea',98);
INSERT INTO `cvn_trad_university_study_type` VALUES (1925,4,'master of music',144);
INSERT INTO `cvn_trad_university_study_type` VALUES (1926,4,'master of science',159);
INSERT INTO `cvn_trad_university_study_type` VALUES (1927,4,'ded',187);
INSERT INTO `cvn_trad_university_study_type` VALUES (1928,4,'doctor of professional studies',203);
INSERT INTO `cvn_trad_university_study_type` VALUES (1929,4,'master of medical sciences',143);
INSERT INTO `cvn_trad_university_study_type` VALUES (1930,4,'master of laws',134);
INSERT INTO `cvn_trad_university_study_type` VALUES (1931,4,'bth',66);
INSERT INTO `cvn_trad_university_study_type` VALUES (1932,4,'mbiochem',106);
INSERT INTO `cvn_trad_university_study_type` VALUES (1933,4,'minf',131);
INSERT INTO `cvn_trad_university_study_type` VALUES (1934,4,'master of arts (oxbridge and dublin)',100);
INSERT INTO `cvn_trad_university_study_type` VALUES (1935,4,'bscec',27);
INSERT INTO `cvn_trad_university_study_type` VALUES (1936,4,'mim',132);
INSERT INTO `cvn_trad_university_study_type` VALUES (1937,4,'mald',102);
INSERT INTO `cvn_trad_university_study_type` VALUES (1938,4,'master of social work',163);
INSERT INTO `cvn_trad_university_study_type` VALUES (1939,4,'bachelor of economics and finance',29);
INSERT INTO `cvn_trad_university_study_type` VALUES (1940,4,'rer  nat  habil ',215);
INSERT INTO `cvn_trad_university_study_type` VALUES (1941,4,'master of divinity',118);
INSERT INTO `cvn_trad_university_study_type` VALUES (1942,4,'doctor of musical arts',199);
INSERT INTO `cvn_trad_university_study_type` VALUES (1943,4,'mals',103);
INSERT INTO `cvn_trad_university_study_type` VALUES (1944,4,'doctor of science',205);
INSERT INTO `cvn_trad_university_study_type` VALUES (1945,4,'b ed ',30);
INSERT INTO `cvn_trad_university_study_type` VALUES (1946,4,'mnatsc',145);
INSERT INTO `cvn_trad_university_study_type` VALUES (1947,4,'bachelor of computer science',20);
INSERT INTO `cvn_trad_university_study_type` VALUES (1948,4,'m s',159);
INSERT INTO `cvn_trad_university_study_type` VALUES (1949,4,'rerum naturalis habilitation',215);
INSERT INTO `cvn_trad_university_study_type` VALUES (1950,4,'doctor in audiology',71);
INSERT INTO `cvn_trad_university_study_type` VALUES (1951,4,'engd',189);
INSERT INTO `cvn_trad_university_study_type` VALUES (1952,4,'mls',136);
INSERT INTO `cvn_trad_university_study_type` VALUES (1953,4,'bachelor of economic and social studies',27);
INSERT INTO `cvn_trad_university_study_type` VALUES (1954,4,'chb',64);
INSERT INTO `cvn_trad_university_study_type` VALUES (1955,4,'master of biology',108);
INSERT INTO `cvn_trad_university_study_type` VALUES (1956,4,'lla',1);
INSERT INTO `cvn_trad_university_study_type` VALUES (1957,4,'llb',39);
INSERT INTO `cvn_trad_university_study_type` VALUES (1958,4,'doctor of educational psychology',188);
INSERT INTO `cvn_trad_university_study_type` VALUES (1959,4,'bcomm',19);
INSERT INTO `cvn_trad_university_study_type` VALUES (1960,4,'postgraduate diploma',174);
INSERT INTO `cvn_trad_university_study_type` VALUES (1961,4,'lld',192);

--
-- Table structure for table `cvn_prof_activity_type`
--

DROP TABLE IF EXISTS `cvn_prof_activity_type`;

CREATE TABLE `cvn_prof_activity_type` (
  `ID_PROF_ACTIVITY_TYPE` int(10) unsigned NOT NULL AUTO_INCREMENT,
  `NAME` varchar(45) DEFAULT NULL,
  `RANK_INDEX_1` int(3) DEFAULT NULL,
  `RANK_INDEX_2` int(3) DEFAULT NULL,  
  PRIMARY KEY (`ID_PROF_ACTIVITY_TYPE`)
);

INSERT INTO `cvn_prof_activity_type` VALUES (1,'Postgraduate',0,1);
INSERT INTO `cvn_prof_activity_type` VALUES (2,'Postdoctoral',0,1);
INSERT INTO `cvn_prof_activity_type` VALUES (3,'postdoc',0,1);
INSERT INTO `cvn_prof_activity_type` VALUES (4,'Research Assistant',0,1);
INSERT INTO `cvn_prof_activity_type` VALUES (5,'Assistant Research Scientist',0,1);
INSERT INTO `cvn_prof_activity_type` VALUES (6,'Postdoctoral Research Fellow',0,2);
INSERT INTO `cvn_prof_activity_type` VALUES (7,'Postdoctoral Research Assistant',0,2);
INSERT INTO `cvn_prof_activity_type` VALUES (8,'Postdoctoral Research Associate',0,2);
INSERT INTO `cvn_prof_activity_type` VALUES (9,'Postdoctoral Research Scientist',0,2);
INSERT INTO `cvn_prof_activity_type` VALUES (10,'Postdoctoral Training Fellow',0,2);
INSERT INTO `cvn_prof_activity_type` VALUES (11,'Postdoctoral position',0,2);
INSERT INTO `cvn_prof_activity_type` VALUES (12,'Senior Postdoctoral Research Assistant',0,3);
INSERT INTO `cvn_prof_activity_type` VALUES (13,'Postdoctoral Research Position',0,4);
INSERT INTO `cvn_prof_activity_type` VALUES (14,'Postdoctoral Researcher',0,4);
INSERT INTO `cvn_prof_activity_type` VALUES (15,'Postdoctoral Scientist',0,4);
INSERT INTO `cvn_prof_activity_type` VALUES (16,'Postdoctoral Fellow',0,4);
INSERT INTO `cvn_prof_activity_type` VALUES (17,'Research Associate',0,4);
INSERT INTO `cvn_prof_activity_type` VALUES (18,'Research Associate Position',0,4);
INSERT INTO `cvn_prof_activity_type` VALUES (19,'Research Associateship',0,4);
INSERT INTO `cvn_prof_activity_type` VALUES (20,'Junior Research Fellow',0,4);
INSERT INTO `cvn_prof_activity_type` VALUES (21,'Associate Lecturer',0,4);
INSERT INTO `cvn_prof_activity_type` VALUES (22,'Associate Researcher',0,4);
INSERT INTO `cvn_prof_activity_type` VALUES (23,'Research Associate',0,4);
INSERT INTO `cvn_prof_activity_type` VALUES (24,'Temporary Lecturer+',1,1);
INSERT INTO `cvn_prof_activity_type` VALUES (25,'Assistant Lecturer',1,1);
INSERT INTO `cvn_prof_activity_type` VALUES (26,'Sessional Lecturer+',1,1);
INSERT INTO `cvn_prof_activity_type` VALUES (27,'Teaching Fellow',1,2);
INSERT INTO `cvn_prof_activity_type` VALUES (28,'University Lecturer',1,2);
INSERT INTO `cvn_prof_activity_type` VALUES (29,'Research Fellow',1,2);
INSERT INTO `cvn_prof_activity_type` VALUES (30,'University Lecturer',1,2);
INSERT INTO `cvn_prof_activity_type` VALUES (31,'Lecturer',1,2);
INSERT INTO `cvn_prof_activity_type` VALUES (32,'Scientist Lecturer',1,2);
INSERT INTO `cvn_prof_activity_type` VALUES (33,'Research Lecturer',1,2);
INSERT INTO `cvn_prof_activity_type` VALUES (34,'Lecturer position',1,2);
INSERT INTO `cvn_prof_activity_type` VALUES (35,'Departmental Lecturer',1,2);
INSERT INTO `cvn_prof_activity_type` VALUES (36,'Clinical Lecturer',1,2);
INSERT INTO `cvn_prof_activity_type` VALUES (37,'Assistant Professor',1,2);
INSERT INTO `cvn_prof_activity_type` VALUES (38,'Lecturer A^',1,2);
INSERT INTO `cvn_prof_activity_type` VALUES (39,'Lecturer B^',1,2);
INSERT INTO `cvn_prof_activity_type` VALUES (40,'Advance Fellow  ',1,2);
INSERT INTO `cvn_prof_activity_type` VALUES (41,'Lecturer C^',2,1);
INSERT INTO `cvn_prof_activity_type` VALUES (42,'Senior Research Fellow§',2,1);
INSERT INTO `cvn_prof_activity_type` VALUES (43,'Senior Teaching Fellow',2,1);
INSERT INTO `cvn_prof_activity_type` VALUES (44,'Senior Lecturer',2,1);
INSERT INTO `cvn_prof_activity_type` VALUES (45,'Associate Professor',2,1);
INSERT INTO `cvn_prof_activity_type` VALUES (46,'Principal Lecturer',2,2);
INSERT INTO `cvn_prof_activity_type` VALUES (47,'Reader',3,1);
INSERT INTO `cvn_prof_activity_type` VALUES (48,'Extraordinary Professor£',4,1);
INSERT INTO `cvn_prof_activity_type` VALUES (49,'Research Professor',4,2);
INSERT INTO `cvn_prof_activity_type` VALUES (50,'Full Professor',4,2);
INSERT INTO `cvn_prof_activity_type` VALUES (51,'Professor',4,2);
INSERT INTO `cvn_prof_activity_type` VALUES (52,'Honorary Research Fellow',5,NULL);
INSERT INTO `cvn_prof_activity_type` VALUES (53,'Honorary Research Associate',5,NULL);
INSERT INTO `cvn_prof_activity_type` VALUES (54,'Honorary Lecturer',5,NULL);
INSERT INTO `cvn_prof_activity_type` VALUES (55,'Honorary Senior Lecturer',5,NULL);
INSERT INTO `cvn_prof_activity_type` VALUES (56,'Honorary Reader',5,NULL);
INSERT INTO `cvn_prof_activity_type` VALUES (57,'Honorary Professor',5,NULL);
INSERT INTO `cvn_prof_activity_type` VALUES (58,'Visiting Lecturer',6,NULL);
INSERT INTO `cvn_prof_activity_type` VALUES (59,'Visiting Professor',6,NULL);
INSERT INTO `cvn_prof_activity_type` VALUES (60,'Emeritus Reader',7,NULL);
INSERT INTO `cvn_prof_activity_type` VALUES (61,'Emeritus Professor',7,NULL);
INSERT INTO `cvn_prof_activity_type` VALUES (62,'undefined',NULL,NULL);

--
-- Table structure for table `cvn_university_study_type`
--

DROP TABLE IF EXISTS `cvn_university_study_type`;

CREATE TABLE `cvn_university_study_type` (
  `ID_UNIVERSITY_STUDY_TYPE` int(10) unsigned NOT NULL,
  `name` varchar(45) NOT NULL,
  `CODE_TYPE` int(10) unsigned NOT NULL,
  `description` varchar(128) DEFAULT NULL,  
  PRIMARY KEY (`ID_UNIVERSITY_STUDY_TYPE`)
);

--
-- Dumping data for table `cvn_university_study_type`
--

INSERT INTO `cvn_university_study_type` VALUES (1,'Associate Degree in Law',1,NULL);
INSERT INTO `cvn_university_study_type` VALUES (2,'Baccalaureus in Arte Obstetricia',1,NULL);
INSERT INTO `cvn_university_study_type` VALUES (3,'Bachelor Degree',1,NULL);
INSERT INTO `cvn_university_study_type` VALUES (4,'Bachelor in Biomedical Engineering',1,NULL);
INSERT INTO `cvn_university_study_type` VALUES (5,'Bachelor in Economics',1,NULL);
INSERT INTO `cvn_university_study_type` VALUES (6,'Bachelor in Social Work',1,NULL);
INSERT INTO `cvn_university_study_type` VALUES (7,'Bachelor of Accountancy',1,NULL);
INSERT INTO `cvn_university_study_type` VALUES (8,'Bachelor of Accounting',1,NULL);
INSERT INTO `cvn_university_study_type` VALUES (9,'Bachelor of Administration',1,NULL);
INSERT INTO `cvn_university_study_type` VALUES (10,'Bachelor of Agricultural Economics',1,NULL);
INSERT INTO `cvn_university_study_type` VALUES (11,'Bachelor of Applied Science',1,NULL);
INSERT INTO `cvn_university_study_type` VALUES (12,'Bachelor of Architecture',1,NULL);
INSERT INTO `cvn_university_study_type` VALUES (13,'Bachelor of Arts',1,NULL);
INSERT INTO `cvn_university_study_type` VALUES (14,'Bachelor of Arts and Economics',1,NULL);
INSERT INTO `cvn_university_study_type` VALUES (15,'Bachelor of Biomedical Science',1,NULL);
INSERT INTO `cvn_university_study_type` VALUES (16,'Bachelor of Business',1,NULL);
INSERT INTO `cvn_university_study_type` VALUES (17,'Bachelor of Business Administration',1,NULL);
INSERT INTO `cvn_university_study_type` VALUES (18,'Bachelor of Civil Law',1,NULL);
INSERT INTO `cvn_university_study_type` VALUES (19,'Bachelor of Commerce',1,NULL);
INSERT INTO `cvn_university_study_type` VALUES (20,'Bachelor of Computer Science',1,NULL);
INSERT INTO `cvn_university_study_type` VALUES (21,'Bachelor of Counseling',1,NULL);
INSERT INTO `cvn_university_study_type` VALUES (22,'Bachelor of Criminal Justice',1,NULL);
INSERT INTO `cvn_university_study_type` VALUES (23,'Bachelor of Dental Surgery',1,NULL);
INSERT INTO `cvn_university_study_type` VALUES (24,'Bachelor of Dentistry',1,NULL);
INSERT INTO `cvn_university_study_type` VALUES (25,'Bachelor of Design',1,NULL);
INSERT INTO `cvn_university_study_type` VALUES (26,'Bachelor of Divinity',1,NULL);
INSERT INTO `cvn_university_study_type` VALUES (27,'Bachelor of Economic and Social Studies',1,NULL);
INSERT INTO `cvn_university_study_type` VALUES (28,'Bachelor of Economics',1,NULL);
INSERT INTO `cvn_university_study_type` VALUES (29,'Bachelor of Economics and Finance',1,NULL);
INSERT INTO `cvn_university_study_type` VALUES (30,'Bachelor of Education',1,NULL);
INSERT INTO `cvn_university_study_type` VALUES (31,'Bachelor of Engineering',1,NULL);
INSERT INTO `cvn_university_study_type` VALUES (32,'Bachelor of Finance',1,NULL);
INSERT INTO `cvn_university_study_type` VALUES (33,'Bachelor of Fine Art',1,NULL);
INSERT INTO `cvn_university_study_type` VALUES (34,'Bachelor of General Studies',1,NULL);
INSERT INTO `cvn_university_study_type` VALUES (35,'Bachelor of Health Science',1,NULL);
INSERT INTO `cvn_university_study_type` VALUES (36,'Bachelor of Human Kinetics',1,NULL);
INSERT INTO `cvn_university_study_type` VALUES (37,'Bachelor of Industrial Design',1,NULL);
INSERT INTO `cvn_university_study_type` VALUES (38,'Bachelor of Journalism',1,NULL);
INSERT INTO `cvn_university_study_type` VALUES (39,'Bachelor of Law',1,NULL);
INSERT INTO `cvn_university_study_type` VALUES (40,'Bachelor of Laws',1,NULL);
INSERT INTO `cvn_university_study_type` VALUES (41,'Bachelor of Liberal Studies',1,NULL);
INSERT INTO `cvn_university_study_type` VALUES (42,'Bachelor of Library and Information Science',1,NULL);
INSERT INTO `cvn_university_study_type` VALUES (43,'Bachelor of Literature',1,NULL);
INSERT INTO `cvn_university_study_type` VALUES (44,'Bachelor of Mathematics',1,NULL);
INSERT INTO `cvn_university_study_type` VALUES (45,'Bachelor of Medical Science',1,NULL);
INSERT INTO `cvn_university_study_type` VALUES (46,'Bachelor of Medicine',1,NULL);
INSERT INTO `cvn_university_study_type` VALUES (47,'Bachelor of Midwifery',1,NULL);
INSERT INTO `cvn_university_study_type` VALUES (48,'Bachelor of Ministry',1,NULL);
INSERT INTO `cvn_university_study_type` VALUES (49,'Bachelor of Music',1,NULL);
INSERT INTO `cvn_university_study_type` VALUES (50,'Bachelor of Music Education',1,NULL);
INSERT INTO `cvn_university_study_type` VALUES (51,'Bachelor of Nursing',1,NULL);
INSERT INTO `cvn_university_study_type` VALUES (52,'Bachelor of Pharmacy',1,NULL);
INSERT INTO `cvn_university_study_type` VALUES (53,'Bachelor of Philosophy',1,NULL);
INSERT INTO `cvn_university_study_type` VALUES (54,'Bachelor of Physical Education',1,NULL);
INSERT INTO `cvn_university_study_type` VALUES (55,'Bachelor of Sacred Theology',1,NULL);
INSERT INTO `cvn_university_study_type` VALUES (56,'Bachelor of Science',1,NULL);
INSERT INTO `cvn_university_study_type` VALUES (57,'Bachelor of Science and Arts',1,NULL);
INSERT INTO `cvn_university_study_type` VALUES (58,'Bachelor of Science in Biomedical Engineering',1,NULL);
INSERT INTO `cvn_university_study_type` VALUES (59,'Bachelor of Science in Economics',1,NULL);
INSERT INTO `cvn_university_study_type` VALUES (60,'Bachelor of Science in Engineering',1,NULL);
INSERT INTO `cvn_university_study_type` VALUES (61,'Bachelor of Science in Nursing',1,NULL);
INSERT INTO `cvn_university_study_type` VALUES (62,'Bachelor of Science in Psychology',1,NULL);
INSERT INTO `cvn_university_study_type` VALUES (63,'Bachelor of Social Science',1,NULL);
INSERT INTO `cvn_university_study_type` VALUES (64,'Bachelor of Surgery',1,NULL);
INSERT INTO `cvn_university_study_type` VALUES (65,'Bachelor of Teaching',1,NULL);
INSERT INTO `cvn_university_study_type` VALUES (66,'Bachelor of Technology ',1,NULL);
INSERT INTO `cvn_university_study_type` VALUES (67,'Bachelor of Theology',1,NULL);
INSERT INTO `cvn_university_study_type` VALUES (68,'Bachelor of Veterinary (Medical) Science',1,NULL);
INSERT INTO `cvn_university_study_type` VALUES (69,'Bachelor of Veterinary Medicine',1,NULL);
INSERT INTO `cvn_university_study_type` VALUES (70,'Licence in Dental Surgery',1,NULL);
INSERT INTO `cvn_university_study_type` VALUES (71,'Doctor in Audiology',1,NULL);
INSERT INTO `cvn_university_study_type` VALUES (72,'Doctor of Chiropractic Medicine',2,NULL);
INSERT INTO `cvn_university_study_type` VALUES (73,'Doctor of Chiropractic',2,NULL);
INSERT INTO `cvn_university_study_type` VALUES (74,'Doctor of Dental Medicine',2,NULL);
INSERT INTO `cvn_university_study_type` VALUES (75,'Doctor of Dental Surgery',2,NULL);
INSERT INTO `cvn_university_study_type` VALUES (76,'Doctor of Health Science',2,NULL);
INSERT INTO `cvn_university_study_type` VALUES (77,'Doctor of Naturopathic Medicine',2,NULL);
INSERT INTO `cvn_university_study_type` VALUES (78,'Doctor of Osteopathic Medicine',2,NULL);
INSERT INTO `cvn_university_study_type` VALUES (79,'Doctor of Pharmacy',2,NULL);
INSERT INTO `cvn_university_study_type` VALUES (80,'Doctor of Podiatric Medicine',2,NULL);
INSERT INTO `cvn_university_study_type` VALUES (81,'Doctor of Psychology',2,NULL);
INSERT INTO `cvn_university_study_type` VALUES (82,'Educational Specialists',2,NULL);
INSERT INTO `cvn_university_study_type` VALUES (83,'Juris Doctor',2,NULL);
INSERT INTO `cvn_university_study_type` VALUES (84,'Licentiate in Sacred Theology',2,NULL);
INSERT INTO `cvn_university_study_type` VALUES (85,'Licentiate of Arts',2,NULL);
INSERT INTO `cvn_university_study_type` VALUES (86,'Licentiate of Canon Law',2,NULL);
INSERT INTO `cvn_university_study_type` VALUES (87,'Licentiate of Sacred Theology',2,NULL);
INSERT INTO `cvn_university_study_type` VALUES (88,'Master Degree',2,NULL);
INSERT INTO `cvn_university_study_type` VALUES (89,'Master equivalent',2,NULL);
INSERT INTO `cvn_university_study_type` VALUES (90,'Master in Business Informatics',2,NULL);
INSERT INTO `cvn_university_study_type` VALUES (91,'Master in Business Technology',2,NULL);
INSERT INTO `cvn_university_study_type` VALUES (92,'Master in Jurisprudence',2,NULL);
INSERT INTO `cvn_university_study_type` VALUES (93,'Master in Product Developmen',2,NULL);
INSERT INTO `cvn_university_study_type` VALUES (94,'Master in Religious Education',2,NULL);
INSERT INTO `cvn_university_study_type` VALUES (95,'Master in Science',2,NULL);
INSERT INTO `cvn_university_study_type` VALUES (96,'Master in Theology',2,NULL);
INSERT INTO `cvn_university_study_type` VALUES (97,'Master of Accountancy',2,NULL);
INSERT INTO `cvn_university_study_type` VALUES (98,'Master of Advanced Studies',2,NULL);
INSERT INTO `cvn_university_study_type` VALUES (99,'Master of Architecture',2,NULL);
INSERT INTO `cvn_university_study_type` VALUES (100,'Master of Arts (Oxbridge and Dublin)',2,NULL);
INSERT INTO `cvn_university_study_type` VALUES (101,'Master of Arts (Scotland)',2,NULL);
INSERT INTO `cvn_university_study_type` VALUES (102,'Master of Arts in Law and Diplomacy ',2,NULL);
INSERT INTO `cvn_university_study_type` VALUES (103,'Master of Arts in Liberal Studies',2,NULL);
INSERT INTO `cvn_university_study_type` VALUES (104,'Master of Arts in Political Studies',2,NULL);
INSERT INTO `cvn_university_study_type` VALUES (105,'Master of Arts in Teaching',2,NULL);
INSERT INTO `cvn_university_study_type` VALUES (106,'Master of Biochemistry',2,NULL);
INSERT INTO `cvn_university_study_type` VALUES (107,'Master of Biological Science',2,NULL);
INSERT INTO `cvn_university_study_type` VALUES (108,'Master of Biology',2,NULL);
INSERT INTO `cvn_university_study_type` VALUES (109,'Master of Business Administration',2,NULL);
INSERT INTO `cvn_university_study_type` VALUES (110,'Master of Business and Management',2,NULL);
INSERT INTO `cvn_university_study_type` VALUES (111,'Master of Chemistry',2,NULL);
INSERT INTO `cvn_university_study_type` VALUES (112,'Master of Civic Design',2,NULL);
INSERT INTO `cvn_university_study_type` VALUES (113,'Master of Clinical Dentistry',2,NULL);
INSERT INTO `cvn_university_study_type` VALUES (114,'Master of Commerce',2,NULL);
INSERT INTO `cvn_university_study_type` VALUES (115,'Master of Computational Mathematics',2,NULL);
INSERT INTO `cvn_university_study_type` VALUES (116,'Master of Computing',2,NULL);
INSERT INTO `cvn_university_study_type` VALUES (117,'Master of Design',2,NULL);
INSERT INTO `cvn_university_study_type` VALUES (118,'Master of Divinity',2,NULL);
INSERT INTO `cvn_university_study_type` VALUES (119,'Master of Drama',2,NULL);
INSERT INTO `cvn_university_study_type` VALUES (120,'Master of Earth Science',2,NULL);
INSERT INTO `cvn_university_study_type` VALUES (121,'Master of Economics',2,NULL);
INSERT INTO `cvn_university_study_type` VALUES (122,'Master of Education',2,NULL);
INSERT INTO `cvn_university_study_type` VALUES (123,'Master of Engineering',2,NULL);
INSERT INTO `cvn_university_study_type` VALUES (124,'Master of Environmental Science',2,NULL);
INSERT INTO `cvn_university_study_type` VALUES (125,'Master of Fine Art',2,NULL);
INSERT INTO `cvn_university_study_type` VALUES (126,'Master of Fine Arts',2,NULL);
INSERT INTO `cvn_university_study_type` VALUES (127,'Master of Geography',2,NULL);
INSERT INTO `cvn_university_study_type` VALUES (128,'Master of Geology',2,NULL);
INSERT INTO `cvn_university_study_type` VALUES (129,'Master of Geophysics',2,NULL);
INSERT INTO `cvn_university_study_type` VALUES (130,'Master of Health Law',2,NULL);
INSERT INTO `cvn_university_study_type` VALUES (131,'Master of Informatics',2,NULL);
INSERT INTO `cvn_university_study_type` VALUES (132,'Master of Information Management',2,NULL);
INSERT INTO `cvn_university_study_type` VALUES (133,'Master of Jurisprudence',2,NULL);
INSERT INTO `cvn_university_study_type` VALUES (134,'Master of Laws',2,NULL);
INSERT INTO `cvn_university_study_type` VALUES (135,'Master of Letters',2,NULL);
INSERT INTO `cvn_university_study_type` VALUES (136,'Master of Liberal Studies',2,NULL);
INSERT INTO `cvn_university_study_type` VALUES (137,'Master of Librarianship',2,NULL);
INSERT INTO `cvn_university_study_type` VALUES (138,'Master of Library and Information Science',2,NULL);
INSERT INTO `cvn_university_study_type` VALUES (139,'Master of Mathematics',2,NULL);
INSERT INTO `cvn_university_study_type` VALUES (140,'Master of Mathematics and Physics',2,NULL);
INSERT INTO `cvn_university_study_type` VALUES (141,'Master of Mathematics and Statistics',2,NULL);
INSERT INTO `cvn_university_study_type` VALUES (142,'Master of Mathematics, Operational Research, ',2,NULL);
INSERT INTO `cvn_university_study_type` VALUES (143,'Master of Medical Sciences',2,NULL);
INSERT INTO `cvn_university_study_type` VALUES (144,'Master of Music',2,NULL);
INSERT INTO `cvn_university_study_type` VALUES (145,'Master of Natural Science',2,NULL);
INSERT INTO `cvn_university_study_type` VALUES (146,'Master of Nursing Science',2,NULL);
INSERT INTO `cvn_university_study_type` VALUES (147,'Master of Oceanography',2,NULL);
INSERT INTO `cvn_university_study_type` VALUES (148,'Master of Pharmacy',2,NULL);
INSERT INTO `cvn_university_study_type` VALUES (149,'Master of Philosophy',2,NULL);
INSERT INTO `cvn_university_study_type` VALUES (150,'Master of Physical Therapy',2,NULL);
INSERT INTO `cvn_university_study_type` VALUES (151,'Master of Physics',2,NULL);
INSERT INTO `cvn_university_study_type` VALUES (152,'Master of Planning',2,NULL);
INSERT INTO `cvn_university_study_type` VALUES (153,'Master of Professional Studies',2,NULL);
INSERT INTO `cvn_university_study_type` VALUES (154,'Master of Public Administration',2,NULL);
INSERT INTO `cvn_university_study_type` VALUES (155,'Master of Public Affairs',2,NULL);
INSERT INTO `cvn_university_study_type` VALUES (156,'Master of Public Health',2,NULL);
INSERT INTO `cvn_university_study_type` VALUES (157,'Master of Public Policy',2,NULL);
INSERT INTO `cvn_university_study_type` VALUES (158,'Master of Research',2,NULL);
INSERT INTO `cvn_university_study_type` VALUES (159,'Master of Science',2,NULL);
INSERT INTO `cvn_university_study_type` VALUES (160,'Master of Science in Engineering',2,NULL);
INSERT INTO `cvn_university_study_type` VALUES (161,'Master of Science in Nursing',2,NULL);
INSERT INTO `cvn_university_study_type` VALUES (162,'Master of Social Science',2,NULL);
INSERT INTO `cvn_university_study_type` VALUES (163,'Master of Social Work',2,NULL);
INSERT INTO `cvn_university_study_type` VALUES (164,'Master of Statistics',2,NULL);
INSERT INTO `cvn_university_study_type` VALUES (165,'Master of Studies',2,NULL);
INSERT INTO `cvn_university_study_type` VALUES (166,'Master of Teaching and Learning',2,NULL);
INSERT INTO `cvn_university_study_type` VALUES (167,'Master of Technology',2,NULL);
INSERT INTO `cvn_university_study_type` VALUES (168,'Master of Theological Studies',2,NULL);
INSERT INTO `cvn_university_study_type` VALUES (169,'Master of Theology',2,NULL);
INSERT INTO `cvn_university_study_type` VALUES (170,'Master of the University',2,NULL);
INSERT INTO `cvn_university_study_type` VALUES (171,'Master''s Degree',2,NULL);
INSERT INTO `cvn_university_study_type` VALUES (172,'Oculus Doctor',2,NULL);
INSERT INTO `cvn_university_study_type` VALUES (173,'Podiatry Degree',2,NULL);
INSERT INTO `cvn_university_study_type` VALUES (174,'Postgraduate Diploma',2,NULL);
INSERT INTO `cvn_university_study_type` VALUES (175,'Professional degree',2,NULL);
INSERT INTO `cvn_university_study_type` VALUES (176,'Specialist Degree',2,NULL);
INSERT INTO `cvn_university_study_type` VALUES (177,'Two-years of a 4 years PhD course',2,NULL);
INSERT INTO `cvn_university_study_type` VALUES (178,'Doctor',2,NULL);
INSERT INTO `cvn_university_study_type` VALUES (179,'Doctor in Rerum Naturalis',3,NULL);
INSERT INTO `cvn_university_study_type` VALUES (180,'Doctor of Arts',3,NULL);
INSERT INTO `cvn_university_study_type` VALUES (181,'Doctor of Business Administration',3,NULL);
INSERT INTO `cvn_university_study_type` VALUES (182,'Doctor of Canon Law',3,NULL);
INSERT INTO `cvn_university_study_type` VALUES (183,'Doctor of Civil Law',3,NULL);
INSERT INTO `cvn_university_study_type` VALUES (184,'Doctor of Clinical Psychology',3,NULL);
INSERT INTO `cvn_university_study_type` VALUES (185,'Doctor of Dental Surgery',3,NULL);
INSERT INTO `cvn_university_study_type` VALUES (186,'Doctor of Divinity',3,NULL);
INSERT INTO `cvn_university_study_type` VALUES (187,'Doctor of Education',3,NULL);
INSERT INTO `cvn_university_study_type` VALUES (188,'Doctor of Educational Psychology',3,NULL);
INSERT INTO `cvn_university_study_type` VALUES (189,'Doctor of Engineering',3,NULL);
INSERT INTO `cvn_university_study_type` VALUES (190,'Doctor of Environmental Science and Engineeri',3,NULL);
INSERT INTO `cvn_university_study_type` VALUES (191,'Doctor of Health Science',3,NULL);
INSERT INTO `cvn_university_study_type` VALUES (192,'Doctor of Laws',3,NULL);
INSERT INTO `cvn_university_study_type` VALUES (193,'Doctor of Letters',3,NULL);
INSERT INTO `cvn_university_study_type` VALUES (194,'Doctor of Literature',3,NULL);
INSERT INTO `cvn_university_study_type` VALUES (195,'Doctor of Litterae',3,NULL);
INSERT INTO `cvn_university_study_type` VALUES (196,'Doctor of Medicine',3,NULL);
INSERT INTO `cvn_university_study_type` VALUES (197,'Doctor of Ministry',3,NULL);
INSERT INTO `cvn_university_study_type` VALUES (198,'Doctor of Music',3,NULL);
INSERT INTO `cvn_university_study_type` VALUES (199,'Doctor of Musical Arts',3,NULL);
INSERT INTO `cvn_university_study_type` VALUES (200,'Doctor of Nursing Science',3,NULL);
INSERT INTO `cvn_university_study_type` VALUES (201,'Doctor of Philosophy',3,NULL);
INSERT INTO `cvn_university_study_type` VALUES (202,'Doctor of Practical Theology',3,NULL);
INSERT INTO `cvn_university_study_type` VALUES (203,'Doctor of Professional Studies',3,NULL);
INSERT INTO `cvn_university_study_type` VALUES (204,'Doctor of Sacred Theology',3,NULL);
INSERT INTO `cvn_university_study_type` VALUES (205,'Doctor of Science',3,NULL);
INSERT INTO `cvn_university_study_type` VALUES (206,'Doctor of Social Science',3,NULL);
INSERT INTO `cvn_university_study_type` VALUES (207,'Doctor of Social Work',3,NULL);
INSERT INTO `cvn_university_study_type` VALUES (208,'Doctor of Theology',3,NULL);
INSERT INTO `cvn_university_study_type` VALUES (209,'Doctor of the Science of Law',3,NULL);
INSERT INTO `cvn_university_study_type` VALUES (210,'Doctor of the University',3,NULL);
INSERT INTO `cvn_university_study_type` VALUES (211,'Doctorate in Veterinary Medicine',3,NULL);
INSERT INTO `cvn_university_study_type` VALUES (212,'Habilitation',3,NULL);
INSERT INTO `cvn_university_study_type` VALUES (213,'Philosophical Habilitation',3,NULL);
INSERT INTO `cvn_university_study_type` VALUES (214,'Professional Doctorate in Engineering',3,NULL);
INSERT INTO `cvn_university_study_type` VALUES (215,'Rerum Naturalis Habilitation',3,NULL);

--
-- Table structure for table `cvn_rank_index_1`
--

DROP TABLE IF EXISTS `cvn_rank_index_1`;

CREATE TABLE `cvn_rank_index_1` (
  `RANK_INDEX_1` int(3) NOT NULL,
  `NAME` varchar(45) NOT NULL,
  PRIMARY KEY (`RANK_INDEX_1`)
);

--
-- Dumping data for table `cvn_rank_index_1`
--

INSERT INTO `cvn_rank_index_1` VALUES (0,'Post-Doc');
INSERT INTO `cvn_rank_index_1` VALUES (1,'Lecturer');
INSERT INTO `cvn_rank_index_1` VALUES (2,'Senior Lecturer');
INSERT INTO `cvn_rank_index_1` VALUES (3,'Reader');
INSERT INTO `cvn_rank_index_1` VALUES (4,'Professor');
INSERT INTO `cvn_rank_index_1` VALUES (101,'Honorary');
INSERT INTO `cvn_rank_index_1` VALUES (102,'Visiting');
INSERT INTO `cvn_rank_index_1` VALUES (103,'Emeritus');

--
-- Table structure for table `cvn_degree_type`
--

DROP TABLE IF EXISTS `cvn_degree_type`;

CREATE TABLE `cvn_degree_type` (
  `ID_DEGREE_TYPE` int(10) unsigned NOT NULL AUTO_INCREMENT,
  `NAME` varchar(45) DEFAULT NULL,  
  PRIMARY KEY (`ID_DEGREE_TYPE`)
);

--
-- Dumping data for table `cvn_degree_type`
--

INSERT INTO `cvn_degree_type` VALUES (1,'PHD');
INSERT INTO `cvn_degree_type` VALUES (2,'DEGREE');
INSERT INTO `cvn_degree_type` VALUES (3,'POSTGRADE');

--
-- Table structure for table `cvn_trad_prof_activity_type`
--

DROP TABLE IF EXISTS `cvn_trad_prof_activity_type`;

CREATE TABLE `cvn_trad_prof_activity_type` (
  `ID_TRAD_PROF_ACTIVITY_TYPE` int(10) NOT NULL AUTO_INCREMENT,
  `OPERATOR` int(10) NOT NULL DEFAULT '1',
  `EXPRESSION` varchar(256) DEFAULT NULL,
  `ID_PROF_ACTIVITY_TYPE` int(10) DEFAULT NULL,
  PRIMARY KEY (`ID_TRAD_PROF_ACTIVITY_TYPE`)
);

CREATE OPERATOR_EXPRESSION_INDEX_TRAD_PROF ON `cvn_trad_prof_activity_type`(`OPERATOR`,`EXPRESSION`);

INSERT INTO `cvn_trad_prof_activity_type` VALUES (2170,2,'academic dean',NULL);
INSERT INTO `cvn_trad_prof_activity_type` VALUES (2171,2,'academic fellow',NULL);
INSERT INTO `cvn_trad_prof_activity_type` VALUES (2172,2,'academic head',NULL);
INSERT INTO `cvn_trad_prof_activity_type` VALUES (2173,2,'academic leader',NULL);
INSERT INTO `cvn_trad_prof_activity_type` VALUES (2174,2,'academic member',NULL);
INSERT INTO `cvn_trad_prof_activity_type` VALUES (2175,2,'academic position',NULL);
INSERT INTO `cvn_trad_prof_activity_type` VALUES (2176,2,'academic research fellow',NULL);
INSERT INTO `cvn_trad_prof_activity_type` VALUES (2177,2,'academic research',NULL);
INSERT INTO `cvn_trad_prof_activity_type` VALUES (2178,2,'academic supervisor',NULL);
INSERT INTO `cvn_trad_prof_activity_type` VALUES (2179,2,'academic training',NULL);
INSERT INTO `cvn_trad_prof_activity_type` VALUES (2180,2,'academic tutor',NULL);
INSERT INTO `cvn_trad_prof_activity_type` VALUES (2181,2,'administrator',NULL);
INSERT INTO `cvn_trad_prof_activity_type` VALUES (2182,2,'admissions tutor',NULL);
INSERT INTO `cvn_trad_prof_activity_type` VALUES (2183,2,'advanced fellow',40);
INSERT INTO `cvn_trad_prof_activity_type` VALUES (2184,2,'advanced investigator',40);
INSERT INTO `cvn_trad_prof_activity_type` VALUES (2185,2,'advanced research fellow',29);
INSERT INTO `cvn_trad_prof_activity_type` VALUES (2186,2,'advanced research training',NULL);
INSERT INTO `cvn_trad_prof_activity_type` VALUES (2187,2,'advanced research',NULL);
INSERT INTO `cvn_trad_prof_activity_type` VALUES (2188,2,'advanced training',NULL);
INSERT INTO `cvn_trad_prof_activity_type` VALUES (2189,2,'advanced',40);
INSERT INTO `cvn_trad_prof_activity_type` VALUES (2190,2,'agent',NULL);
INSERT INTO `cvn_trad_prof_activity_type` VALUES (2191,2,'ambassador',NULL);
INSERT INTO `cvn_trad_prof_activity_type` VALUES (2192,2,'analysis',NULL);
INSERT INTO `cvn_trad_prof_activity_type` VALUES (2193,2,'applications member',NULL);
INSERT INTO `cvn_trad_prof_activity_type` VALUES (2194,2,'applied researcher',NULL);
INSERT INTO `cvn_trad_prof_activity_type` VALUES (2195,2,'assessor',NULL);
INSERT INTO `cvn_trad_prof_activity_type` VALUES (2196,2,'assistant co-ordinator',NULL);
INSERT INTO `cvn_trad_prof_activity_type` VALUES (2197,2,'assistant dean',NULL);
INSERT INTO `cvn_trad_prof_activity_type` VALUES (2198,2,'assistant editor',NULL);
INSERT INTO `cvn_trad_prof_activity_type` VALUES (2199,2,'assistant lecturer',25);
INSERT INTO `cvn_trad_prof_activity_type` VALUES (2200,2,'assistant member',NULL);
INSERT INTO `cvn_trad_prof_activity_type` VALUES (2201,2,'assistant principal',NULL);
INSERT INTO `cvn_trad_prof_activity_type` VALUES (2202,2,'assistant professor',37);
INSERT INTO `cvn_trad_prof_activity_type` VALUES (2203,2,'assistant research professor',37);
INSERT INTO `cvn_trad_prof_activity_type` VALUES (2204,2,'assistant research scientist',4);
INSERT INTO `cvn_trad_prof_activity_type` VALUES (2205,2,'assistant',NULL);
INSERT INTO `cvn_trad_prof_activity_type` VALUES (2206,2,'associate editor',NULL);
INSERT INTO `cvn_trad_prof_activity_type` VALUES (2207,2,'associate academic',NULL);
INSERT INTO `cvn_trad_prof_activity_type` VALUES (2208,2,'associate dean',NULL);
INSERT INTO `cvn_trad_prof_activity_type` VALUES (2209,2,'associate editor',NULL);
INSERT INTO `cvn_trad_prof_activity_type` VALUES (2210,2,'associate fellow',NULL);
INSERT INTO `cvn_trad_prof_activity_type` VALUES (2211,2,'associate head',NULL);
INSERT INTO `cvn_trad_prof_activity_type` VALUES (2212,2,'associate lecturer',21);
INSERT INTO `cvn_trad_prof_activity_type` VALUES (2213,2,'associate member',NULL);
INSERT INTO `cvn_trad_prof_activity_type` VALUES (2214,2,'associate professor',45);
INSERT INTO `cvn_trad_prof_activity_type` VALUES (2215,2,'associate researcher',22);
INSERT INTO `cvn_trad_prof_activity_type` VALUES (2216,2,'associate scientist',NULL);
INSERT INTO `cvn_trad_prof_activity_type` VALUES (2217,2,'astronomy tutor',NULL);
INSERT INTO `cvn_trad_prof_activity_type` VALUES (2218,2,'best man',NULL);
INSERT INTO `cvn_trad_prof_activity_type` VALUES (2219,2,'biology fellow',16);
INSERT INTO `cvn_trad_prof_activity_type` VALUES (2220,2,'biology',NULL);
INSERT INTO `cvn_trad_prof_activity_type` VALUES (2221,2,'business fellow',16);
INSERT INTO `cvn_trad_prof_activity_type` VALUES (2222,2,'business manager',NULL);
INSERT INTO `cvn_trad_prof_activity_type` VALUES (2223,2,'candidate',NULL);
INSERT INTO `cvn_trad_prof_activity_type` VALUES (2224,2,'carrier',NULL);
INSERT INTO `cvn_trad_prof_activity_type` VALUES (2225,2,'ceo',NULL);
INSERT INTO `cvn_trad_prof_activity_type` VALUES (2226,2,'cfo',NULL);
INSERT INTO `cvn_trad_prof_activity_type` VALUES (2227,2,'chair',NULL);
INSERT INTO `cvn_trad_prof_activity_type` VALUES (2228,2,'chairman',NULL);
INSERT INTO `cvn_trad_prof_activity_type` VALUES (2229,2,'chartered chemist',57);
INSERT INTO `cvn_trad_prof_activity_type` VALUES (2230,2,'chartered scientist',57);
INSERT INTO `cvn_trad_prof_activity_type` VALUES (2231,2,'chemist',57);
INSERT INTO `cvn_trad_prof_activity_type` VALUES (2232,2,'chemistry',NULL);
INSERT INTO `cvn_trad_prof_activity_type` VALUES (2233,2,'chief editor',NULL);
INSERT INTO `cvn_trad_prof_activity_type` VALUES (2234,2,'chief executive officer',NULL);
INSERT INTO `cvn_trad_prof_activity_type` VALUES (2235,2,'chief executive',NULL);
INSERT INTO `cvn_trad_prof_activity_type` VALUES (2236,2,'chief officer',NULL);
INSERT INTO `cvn_trad_prof_activity_type` VALUES (2237,2,'chief operating officer',NULL);
INSERT INTO `cvn_trad_prof_activity_type` VALUES (2238,2,'chief scientific officer',NULL);
INSERT INTO `cvn_trad_prof_activity_type` VALUES (2239,2,'chief scientist',NULL);
INSERT INTO `cvn_trad_prof_activity_type` VALUES (2240,2,'co-director',NULL);
INSERT INTO `cvn_trad_prof_activity_type` VALUES (2241,2,'co-ordinator member',NULL);
INSERT INTO `cvn_trad_prof_activity_type` VALUES (2242,2,'co-ordinator',NULL);
INSERT INTO `cvn_trad_prof_activity_type` VALUES (2243,2,'complexity',NULL);
INSERT INTO `cvn_trad_prof_activity_type` VALUES (2244,2,'computation member',NULL);
INSERT INTO `cvn_trad_prof_activity_type` VALUES (2245,2,'computer science',NULL);
INSERT INTO `cvn_trad_prof_activity_type` VALUES (2246,2,'computing course director',NULL);
INSERT INTO `cvn_trad_prof_activity_type` VALUES (2247,2,'computing officer',NULL);
INSERT INTO `cvn_trad_prof_activity_type` VALUES (2248,2,'computing',NULL);
INSERT INTO `cvn_trad_prof_activity_type` VALUES (2249,2,'consultant',NULL);
INSERT INTO `cvn_trad_prof_activity_type` VALUES (2250,2,'convener',NULL);
INSERT INTO `cvn_trad_prof_activity_type` VALUES (2251,2,'coordinator ',NULL);
INSERT INTO `cvn_trad_prof_activity_type` VALUES (2252,2,'coordinator',NULL);
INSERT INTO `cvn_trad_prof_activity_type` VALUES (2253,2,'course coordinator',NULL);
INSERT INTO `cvn_trad_prof_activity_type` VALUES (2254,2,'course director',NULL);
INSERT INTO `cvn_trad_prof_activity_type` VALUES (2255,2,'dean',NULL);
INSERT INTO `cvn_trad_prof_activity_type` VALUES (2256,2,'department head',NULL);
INSERT INTO `cvn_trad_prof_activity_type` VALUES (2257,2,'deputy chair',NULL);
INSERT INTO `cvn_trad_prof_activity_type` VALUES (2258,2,'deputy chairman',NULL);
INSERT INTO `cvn_trad_prof_activity_type` VALUES (2259,2,'deputy director',NULL);
INSERT INTO `cvn_trad_prof_activity_type` VALUES (2260,2,'deputy editor',NULL);
INSERT INTO `cvn_trad_prof_activity_type` VALUES (2261,2,'deputy head',NULL);
INSERT INTO `cvn_trad_prof_activity_type` VALUES (2262,2,'deputy leader',NULL);
INSERT INTO `cvn_trad_prof_activity_type` VALUES (2263,2,'deputy president',NULL);
INSERT INTO `cvn_trad_prof_activity_type` VALUES (2264,2,'deputy spokesperson',NULL);
INSERT INTO `cvn_trad_prof_activity_type` VALUES (2265,2,'deputy',NULL);
INSERT INTO `cvn_trad_prof_activity_type` VALUES (2266,2,'deputy-chair',NULL);
INSERT INTO `cvn_trad_prof_activity_type` VALUES (2267,2,'deputy-head',NULL);
INSERT INTO `cvn_trad_prof_activity_type` VALUES (2268,2,'development fellow',16);
INSERT INTO `cvn_trad_prof_activity_type` VALUES (2269,2,'development manager',NULL);
INSERT INTO `cvn_trad_prof_activity_type` VALUES (2270,2,'development officer',NULL);
INSERT INTO `cvn_trad_prof_activity_type` VALUES (2271,2,'director',NULL);
INSERT INTO `cvn_trad_prof_activity_type` VALUES (2272,2,'dynamics fellow',16);
INSERT INTO `cvn_trad_prof_activity_type` VALUES (2273,2,'editor',NULL);
INSERT INTO `cvn_trad_prof_activity_type` VALUES (2274,2,'editor-in-chief',NULL);
INSERT INTO `cvn_trad_prof_activity_type` VALUES (2275,2,'education secretary',NULL);
INSERT INTO `cvn_trad_prof_activity_type` VALUES (2276,2,'engineer',NULL);
INSERT INTO `cvn_trad_prof_activity_type` VALUES (2277,2,'engineering',NULL);
INSERT INTO `cvn_trad_prof_activity_type` VALUES (2278,2,'executive dean',NULL);
INSERT INTO `cvn_trad_prof_activity_type` VALUES (2279,2,'executive director',NULL);
INSERT INTO `cvn_trad_prof_activity_type` VALUES (2280,2,'executive editor',NULL);
INSERT INTO `cvn_trad_prof_activity_type` VALUES (2281,2,'executive member',NULL);
INSERT INTO `cvn_trad_prof_activity_type` VALUES (2282,2,'executive officer',NULL);
INSERT INTO `cvn_trad_prof_activity_type` VALUES (2283,2,'executive secretary',NULL);
INSERT INTO `cvn_trad_prof_activity_type` VALUES (2284,2,'executive',NULL);
INSERT INTO `cvn_trad_prof_activity_type` VALUES (2285,2,'experimental officer',NULL);
INSERT INTO `cvn_trad_prof_activity_type` VALUES (2286,2,'external fellow',16);
INSERT INTO `cvn_trad_prof_activity_type` VALUES (2287,2,'external lecturer',24);
INSERT INTO `cvn_trad_prof_activity_type` VALUES (2288,2,'external member',NULL);
INSERT INTO `cvn_trad_prof_activity_type` VALUES (2289,2,'external',NULL);
INSERT INTO `cvn_trad_prof_activity_type` VALUES (2290,2,'facilitator',NULL);
INSERT INTO `cvn_trad_prof_activity_type` VALUES (2291,2,'fellow',16);
INSERT INTO `cvn_trad_prof_activity_type` VALUES (2292,2,'followship',16);
INSERT INTO `cvn_trad_prof_activity_type` VALUES (2293,2,'founder director',NULL);
INSERT INTO `cvn_trad_prof_activity_type` VALUES (2294,2,'founder fellow',NULL);
INSERT INTO `cvn_trad_prof_activity_type` VALUES (2295,2,'founder member',NULL);
INSERT INTO `cvn_trad_prof_activity_type` VALUES (2296,2,'founder',11);
INSERT INTO `cvn_trad_prof_activity_type` VALUES (2297,2,'founder-member',NULL);
INSERT INTO `cvn_trad_prof_activity_type` VALUES (2298,2,'full professor',50);
INSERT INTO `cvn_trad_prof_activity_type` VALUES (2299,2,'full member',NULL);
INSERT INTO `cvn_trad_prof_activity_type` VALUES (2300,2,'full professor',50);
INSERT INTO `cvn_trad_prof_activity_type` VALUES (2301,2,'full-time member',NULL);
INSERT INTO `cvn_trad_prof_activity_type` VALUES (2302,2,'governor',NULL);
INSERT INTO `cvn_trad_prof_activity_type` VALUES (2303,2,'graduate assistant',NULL);
INSERT INTO `cvn_trad_prof_activity_type` VALUES (2304,2,'graduate fellow',NULL);
INSERT INTO `cvn_trad_prof_activity_type` VALUES (2305,2,'graduate member',NULL);
INSERT INTO `cvn_trad_prof_activity_type` VALUES (2306,2,'graduate research assistant',NULL);
INSERT INTO `cvn_trad_prof_activity_type` VALUES (2307,2,'graduate research training',NULL);
INSERT INTO `cvn_trad_prof_activity_type` VALUES (2308,2,'graduate research',NULL);
INSERT INTO `cvn_trad_prof_activity_type` VALUES (2309,2,'graduate student',NULL);
INSERT INTO `cvn_trad_prof_activity_type` VALUES (2310,2,'graduate supervisor',NULL);
INSERT INTO `cvn_trad_prof_activity_type` VALUES (2311,2,'graduate training',NULL);
INSERT INTO `cvn_trad_prof_activity_type` VALUES (2312,2,'graduate tutor',NULL);
INSERT INTO `cvn_trad_prof_activity_type` VALUES (2313,2,'haworth chair',NULL);
INSERT INTO `cvn_trad_prof_activity_type` VALUES (2314,2,'head of',NULL);
INSERT INTO `cvn_trad_prof_activity_type` VALUES (2315,2,'head',NULL);
INSERT INTO `cvn_trad_prof_activity_type` VALUES (2316,2,'higher education',NULL);
INSERT INTO `cvn_trad_prof_activity_type` VALUES (2317,2,'honorary fellow',52);
INSERT INTO `cvn_trad_prof_activity_type` VALUES (2318,2,'honorary associate professor',57);
INSERT INTO `cvn_trad_prof_activity_type` VALUES (2319,2,'honorary chair',NULL);
INSERT INTO `cvn_trad_prof_activity_type` VALUES (2320,2,'honorary editor',NULL);
INSERT INTO `cvn_trad_prof_activity_type` VALUES (2321,2,'honorary fellow',52);
INSERT INTO `cvn_trad_prof_activity_type` VALUES (2322,2,'honorary lecturer',54);
INSERT INTO `cvn_trad_prof_activity_type` VALUES (2323,2,'honorary member',NULL);
INSERT INTO `cvn_trad_prof_activity_type` VALUES (2324,2,'honorary professor',57);
INSERT INTO `cvn_trad_prof_activity_type` VALUES (2325,2,'honorary professorial research fellow',57);
INSERT INTO `cvn_trad_prof_activity_type` VALUES (2326,2,'honorary reader',56);
INSERT INTO `cvn_trad_prof_activity_type` VALUES (2327,2,'honorary research associate',56);
INSERT INTO `cvn_trad_prof_activity_type` VALUES (2328,2,'honorary research fellow',52);
INSERT INTO `cvn_trad_prof_activity_type` VALUES (2329,2,'honorary scientist',NULL);
INSERT INTO `cvn_trad_prof_activity_type` VALUES (2330,2,'honorary secretary',NULL);
INSERT INTO `cvn_trad_prof_activity_type` VALUES (2331,2,'honorary senior lecturer',55);
INSERT INTO `cvn_trad_prof_activity_type` VALUES (2332,2,'honorary senior research fellow',52);
INSERT INTO `cvn_trad_prof_activity_type` VALUES (2333,2,'honorary visiting professor',57);
INSERT INTO `cvn_trad_prof_activity_type` VALUES (2334,2,'honorary visiting researcher',53);
INSERT INTO `cvn_trad_prof_activity_type` VALUES (2335,2,'honorary visiting scientist',53);
INSERT INTO `cvn_trad_prof_activity_type` VALUES (2336,2,'independent academic position',NULL);
INSERT INTO `cvn_trad_prof_activity_type` VALUES (2337,2,'industrial chemist',57);
INSERT INTO `cvn_trad_prof_activity_type` VALUES (2338,2,'industrial fellow',29);
INSERT INTO `cvn_trad_prof_activity_type` VALUES (2339,2,'industrial training',NULL);
INSERT INTO `cvn_trad_prof_activity_type` VALUES (2340,2,'information member',NULL);
INSERT INTO `cvn_trad_prof_activity_type` VALUES (2341,2,'information',NULL);
INSERT INTO `cvn_trad_prof_activity_type` VALUES (2342,2,'initiator',NULL);
INSERT INTO `cvn_trad_prof_activity_type` VALUES (2343,2,'interactions',NULL);
INSERT INTO `cvn_trad_prof_activity_type` VALUES (2344,2,'investigator',NULL);
INSERT INTO `cvn_trad_prof_activity_type` VALUES (2345,2,'killam postdoctoral fellow',16);
INSERT INTO `cvn_trad_prof_activity_type` VALUES (2346,2,'leader',NULL);
INSERT INTO `cvn_trad_prof_activity_type` VALUES (2347,2,'leadership fellow',27);
INSERT INTO `cvn_trad_prof_activity_type` VALUES (2348,2,'leadership',NULL);
INSERT INTO `cvn_trad_prof_activity_type` VALUES (2349,2,'lectured',31);
INSERT INTO `cvn_trad_prof_activity_type` VALUES (2350,2,'lecturer position',31);
INSERT INTO `cvn_trad_prof_activity_type` VALUES (2351,2,'lecturer',31);
INSERT INTO `cvn_trad_prof_activity_type` VALUES (2352,2,'life',NULL);
INSERT INTO `cvn_trad_prof_activity_type` VALUES (2353,2,'manager',NULL);
INSERT INTO `cvn_trad_prof_activity_type` VALUES (2354,2,'managing director',NULL);
INSERT INTO `cvn_trad_prof_activity_type` VALUES (2355,2,'marie curie fellow',16);
INSERT INTO `cvn_trad_prof_activity_type` VALUES (2356,2,'marie curie postdoctoral fellow',16);
INSERT INTO `cvn_trad_prof_activity_type` VALUES (2357,2,'marie curie research fellow',6);
INSERT INTO `cvn_trad_prof_activity_type` VALUES (2358,2,'marie curie training',10);
INSERT INTO `cvn_trad_prof_activity_type` VALUES (2359,2,'marie-curie fellow',16);
INSERT INTO `cvn_trad_prof_activity_type` VALUES (2360,2,'marie-curie research fellow',6);
INSERT INTO `cvn_trad_prof_activity_type` VALUES (2361,2,'marine',NULL);
INSERT INTO `cvn_trad_prof_activity_type` VALUES (2362,2,'marshall',NULL);
INSERT INTO `cvn_trad_prof_activity_type` VALUES (2363,2,'master',NULL);
INSERT INTO `cvn_trad_prof_activity_type` VALUES (2364,2,'materials physics',NULL);
INSERT INTO `cvn_trad_prof_activity_type` VALUES (2365,2,'materials',NULL);
INSERT INTO `cvn_trad_prof_activity_type` VALUES (2366,2,'matter',NULL);
INSERT INTO `cvn_trad_prof_activity_type` VALUES (2367,2,'mayor',NULL);
INSERT INTO `cvn_trad_prof_activity_type` VALUES (2368,2,'md',NULL);
INSERT INTO `cvn_trad_prof_activity_type` VALUES (2369,2,'medical fellow',29);
INSERT INTO `cvn_trad_prof_activity_type` VALUES (2370,2,'medical training',NULL);
INSERT INTO `cvn_trad_prof_activity_type` VALUES (2371,2,'member',NULL);
INSERT INTO `cvn_trad_prof_activity_type` VALUES (2372,2,'military personnel',NULL);
INSERT INTO `cvn_trad_prof_activity_type` VALUES (2373,2,'monitor',NULL);
INSERT INTO `cvn_trad_prof_activity_type` VALUES (2374,2,'oberassistent',NULL);
INSERT INTO `cvn_trad_prof_activity_type` VALUES (2375,2,'officer',NULL);
INSERT INTO `cvn_trad_prof_activity_type` VALUES (2376,2,'optics',NULL);
INSERT INTO `cvn_trad_prof_activity_type` VALUES (2377,2,'organic chemist',NULL);
INSERT INTO `cvn_trad_prof_activity_type` VALUES (2378,2,'organizer',NULL);
INSERT INTO `cvn_trad_prof_activity_type` VALUES (2379,2,'peer',NULL);
INSERT INTO `cvn_trad_prof_activity_type` VALUES (2380,2,'personal  chair',NULL);
INSERT INTO `cvn_trad_prof_activity_type` VALUES (2381,2,'personal assistant',NULL);
INSERT INTO `cvn_trad_prof_activity_type` VALUES (2382,2,'personal chair',NULL);
INSERT INTO `cvn_trad_prof_activity_type` VALUES (2383,2,'personal fellow',NULL);
INSERT INTO `cvn_trad_prof_activity_type` VALUES (2384,2,'personal research fellow',29);
INSERT INTO `cvn_trad_prof_activity_type` VALUES (2385,2,'personal supervisor',NULL);
INSERT INTO `cvn_trad_prof_activity_type` VALUES (2386,2,'personal tutor',NULL);
INSERT INTO `cvn_trad_prof_activity_type` VALUES (2387,2,'personal',NULL);
INSERT INTO `cvn_trad_prof_activity_type` VALUES (2388,2,'physics coordinator',NULL);
INSERT INTO `cvn_trad_prof_activity_type` VALUES (2389,2,'physics lecturer',31);
INSERT INTO `cvn_trad_prof_activity_type` VALUES (2390,2,'physics training',10);
INSERT INTO `cvn_trad_prof_activity_type` VALUES (2391,2,'physics',NULL);
INSERT INTO `cvn_trad_prof_activity_type` VALUES (2392,2,'pilot',NULL);
INSERT INTO `cvn_trad_prof_activity_type` VALUES (2393,2,'politician',NULL);
INSERT INTO `cvn_trad_prof_activity_type` VALUES (2394,2,'postdoc research fellow',6);
INSERT INTO `cvn_trad_prof_activity_type` VALUES (2395,2,'postdoc',3);
INSERT INTO `cvn_trad_prof_activity_type` VALUES (2396,2,'postdoctoral research fellow',6);
INSERT INTO `cvn_trad_prof_activity_type` VALUES (2397,2,'postdoctoral associate',2);
INSERT INTO `cvn_trad_prof_activity_type` VALUES (2398,2,'postdoctoral fellow',16);
INSERT INTO `cvn_trad_prof_activity_type` VALUES (2399,2,'postdoctoral position',11);
INSERT INTO `cvn_trad_prof_activity_type` VALUES (2400,2,'postdoctoral research fellow',6);
INSERT INTO `cvn_trad_prof_activity_type` VALUES (2401,2,'postdoctoral research assistant',7);
INSERT INTO `cvn_trad_prof_activity_type` VALUES (2402,2,'postdoctoral research associate',8);
INSERT INTO `cvn_trad_prof_activity_type` VALUES (2403,2,'postdoctoral research fellow',6);
INSERT INTO `cvn_trad_prof_activity_type` VALUES (2404,2,'postdoctoral research officer',13);
INSERT INTO `cvn_trad_prof_activity_type` VALUES (2405,2,'postdoctoral research position',13);
INSERT INTO `cvn_trad_prof_activity_type` VALUES (2406,2,'postdoctoral research scientist',9);
INSERT INTO `cvn_trad_prof_activity_type` VALUES (2407,2,'postdoctoral research',13);
INSERT INTO `cvn_trad_prof_activity_type` VALUES (2408,2,'postdoctoral researcher',14);
INSERT INTO `cvn_trad_prof_activity_type` VALUES (2409,2,'postdoctoral scientist',15);
INSERT INTO `cvn_trad_prof_activity_type` VALUES (2410,2,'postdoctoral training',10);
INSERT INTO `cvn_trad_prof_activity_type` VALUES (2411,2,'postdoctoral',2);
INSERT INTO `cvn_trad_prof_activity_type` VALUES (2412,2,'postgraduate tutor',NULL);
INSERT INTO `cvn_trad_prof_activity_type` VALUES (2413,2,'postgraduate admissions tutor',NULL);
INSERT INTO `cvn_trad_prof_activity_type` VALUES (2414,2,'postgraduate research coordinator',NULL);
INSERT INTO `cvn_trad_prof_activity_type` VALUES (2415,2,'postgraduate research',1);
INSERT INTO `cvn_trad_prof_activity_type` VALUES (2416,2,'postgraduate student',1);
INSERT INTO `cvn_trad_prof_activity_type` VALUES (2417,2,'postgraduate training',1);
INSERT INTO `cvn_trad_prof_activity_type` VALUES (2418,2,'postgraduate tutor',NULL);
INSERT INTO `cvn_trad_prof_activity_type` VALUES (2419,2,'president',NULL);
INSERT INTO `cvn_trad_prof_activity_type` VALUES (2420,2,'president-elect',NULL);
INSERT INTO `cvn_trad_prof_activity_type` VALUES (2421,2,'principal admissions tutor',NULL);
INSERT INTO `cvn_trad_prof_activity_type` VALUES (2422,2,'principal investigator',NULL);
INSERT INTO `cvn_trad_prof_activity_type` VALUES (2423,2,'principal lecturer',31);
INSERT INTO `cvn_trad_prof_activity_type` VALUES (2424,2,'principal research chemist',49);
INSERT INTO `cvn_trad_prof_activity_type` VALUES (2425,2,'principal research fellow',29);
INSERT INTO `cvn_trad_prof_activity_type` VALUES (2426,2,'principal research scientist',9);
INSERT INTO `cvn_trad_prof_activity_type` VALUES (2427,2,'principal scientific officer',NULL);
INSERT INTO `cvn_trad_prof_activity_type` VALUES (2428,2,'principal scientist',NULL);
INSERT INTO `cvn_trad_prof_activity_type` VALUES (2429,2,'principal supervisor',NULL);
INSERT INTO `cvn_trad_prof_activity_type` VALUES (2430,2,'process manager',NULL);
INSERT INTO `cvn_trad_prof_activity_type` VALUES (2431,2,'processor',NULL);
INSERT INTO `cvn_trad_prof_activity_type` VALUES (2432,2,'prof',51);
INSERT INTO `cvn_trad_prof_activity_type` VALUES (2433,2,'professor of materials chemistry',51);
INSERT INTO `cvn_trad_prof_activity_type` VALUES (2434,2,'professor of  physical chemistry',51);
INSERT INTO `cvn_trad_prof_activity_type` VALUES (2435,2,'professor of physical chemistry',51);
INSERT INTO `cvn_trad_prof_activity_type` VALUES (2436,2,'professor',51);
INSERT INTO `cvn_trad_prof_activity_type` VALUES (2437,2,'professorial chair',51);
INSERT INTO `cvn_trad_prof_activity_type` VALUES (2438,2,'professorial fellow',51);
INSERT INTO `cvn_trad_prof_activity_type` VALUES (2439,2,'professorial research fellow',51);
INSERT INTO `cvn_trad_prof_activity_type` VALUES (2440,2,'protection officer',NULL);
INSERT INTO `cvn_trad_prof_activity_type` VALUES (2441,2,'provost',NULL);
INSERT INTO `cvn_trad_prof_activity_type` VALUES (2442,2,'ranger',NULL);
INSERT INTO `cvn_trad_prof_activity_type` VALUES (2443,2,'reader',47);
INSERT INTO `cvn_trad_prof_activity_type` VALUES (2444,2,'recruit',NULL);
INSERT INTO `cvn_trad_prof_activity_type` VALUES (2445,2,'registrar',NULL);
INSERT INTO `cvn_trad_prof_activity_type` VALUES (2446,2,'rep',NULL);
INSERT INTO `cvn_trad_prof_activity_type` VALUES (2447,2,'rep.',NULL);
INSERT INTO `cvn_trad_prof_activity_type` VALUES (2448,2,'reporter',NULL);
INSERT INTO `cvn_trad_prof_activity_type` VALUES (2449,2,'representative governor',NULL);
INSERT INTO `cvn_trad_prof_activity_type` VALUES (2450,2,'representative',NULL);
INSERT INTO `cvn_trad_prof_activity_type` VALUES (2451,2,'research assistant position',7);
INSERT INTO `cvn_trad_prof_activity_type` VALUES (2452,2,'research assistant professor',7);
INSERT INTO `cvn_trad_prof_activity_type` VALUES (2453,2,'research assistant',7);
INSERT INTO `cvn_trad_prof_activity_type` VALUES (2454,2,'research associate position',23);
INSERT INTO `cvn_trad_prof_activity_type` VALUES (2455,2,'research associate',23);
INSERT INTO `cvn_trad_prof_activity_type` VALUES (2456,2,'research associateship',23);
INSERT INTO `cvn_trad_prof_activity_type` VALUES (2457,2,'research chair',NULL);
INSERT INTO `cvn_trad_prof_activity_type` VALUES (2458,2,'research chemist',49);
INSERT INTO `cvn_trad_prof_activity_type` VALUES (2459,2,'research co-ordinator',NULL);
INSERT INTO `cvn_trad_prof_activity_type` VALUES (2460,2,'research coordinator',NULL);
INSERT INTO `cvn_trad_prof_activity_type` VALUES (2461,2,'research dean',NULL);
INSERT INTO `cvn_trad_prof_activity_type` VALUES (2462,2,'research fellow',29);
INSERT INTO `cvn_trad_prof_activity_type` VALUES (2463,2,'research group leader',NULL);
INSERT INTO `cvn_trad_prof_activity_type` VALUES (2464,2,'research investigator',NULL);
INSERT INTO `cvn_trad_prof_activity_type` VALUES (2465,2,'research leader',NULL);
INSERT INTO `cvn_trad_prof_activity_type` VALUES (2466,2,'research lecturer',33);
INSERT INTO `cvn_trad_prof_activity_type` VALUES (2467,2,'research manager',NULL);
INSERT INTO `cvn_trad_prof_activity_type` VALUES (2468,2,'research officer',NULL);
INSERT INTO `cvn_trad_prof_activity_type` VALUES (2469,2,'research position',NULL);
INSERT INTO `cvn_trad_prof_activity_type` VALUES (2470,2,'research professor',49);
INSERT INTO `cvn_trad_prof_activity_type` VALUES (2471,2,'research research assistant',4);
INSERT INTO `cvn_trad_prof_activity_type` VALUES (2472,2,'research research',NULL);
INSERT INTO `cvn_trad_prof_activity_type` VALUES (2473,2,'research scientist',NULL);
INSERT INTO `cvn_trad_prof_activity_type` VALUES (2474,2,'research student',NULL);
INSERT INTO `cvn_trad_prof_activity_type` VALUES (2475,2,'research training',NULL);
INSERT INTO `cvn_trad_prof_activity_type` VALUES (2476,2,'research tutor',49);
INSERT INTO `cvn_trad_prof_activity_type` VALUES (2477,2,'research',NULL);
INSERT INTO `cvn_trad_prof_activity_type` VALUES (2478,2,'researcher fellow',29);
INSERT INTO `cvn_trad_prof_activity_type` VALUES (2479,2,'researcher',NULL);
INSERT INTO `cvn_trad_prof_activity_type` VALUES (2480,2,'royal society fellow',16);
INSERT INTO `cvn_trad_prof_activity_type` VALUES (2481,2,'royal society postdoctoral fellow',16);
INSERT INTO `cvn_trad_prof_activity_type` VALUES (2482,2,'royal society postdoctoral research fellow',29);
INSERT INTO `cvn_trad_prof_activity_type` VALUES (2483,2,'royal society research fellow',29);
INSERT INTO `cvn_trad_prof_activity_type` VALUES (2484,2,'royal society research professor',49);
INSERT INTO `cvn_trad_prof_activity_type` VALUES (2485,2,'royal society research',NULL);
INSERT INTO `cvn_trad_prof_activity_type` VALUES (2486,2,'royal society senior research fellow',42);
INSERT INTO `cvn_trad_prof_activity_type` VALUES (2487,2,'royal society university research fellow',29);
INSERT INTO `cvn_trad_prof_activity_type` VALUES (2488,2,'safety officer',NULL);
INSERT INTO `cvn_trad_prof_activity_type` VALUES (2489,2,'sat',NULL);
INSERT INTO `cvn_trad_prof_activity_type` VALUES (2490,2,'science coordinator',NULL);
INSERT INTO `cvn_trad_prof_activity_type` VALUES (2491,2,'science fellow',16);
INSERT INTO `cvn_trad_prof_activity_type` VALUES (2492,2,'science member',NULL);
INSERT INTO `cvn_trad_prof_activity_type` VALUES (2493,2,'science',NULL);
INSERT INTO `cvn_trad_prof_activity_type` VALUES (2494,2,'sciences chair',NULL);
INSERT INTO `cvn_trad_prof_activity_type` VALUES (2495,2,'sciences',NULL);
INSERT INTO `cvn_trad_prof_activity_type` VALUES (2496,2,'scientific co-director',NULL);
INSERT INTO `cvn_trad_prof_activity_type` VALUES (2497,2,'scientific fellow',16);
INSERT INTO `cvn_trad_prof_activity_type` VALUES (2498,2,'scientific member',NULL);
INSERT INTO `cvn_trad_prof_activity_type` VALUES (2499,2,'scientific officer',NULL);
INSERT INTO `cvn_trad_prof_activity_type` VALUES (2500,2,'scientific secretary',NULL);
INSERT INTO `cvn_trad_prof_activity_type` VALUES (2501,2,'scientist lecturer',32);
INSERT INTO `cvn_trad_prof_activity_type` VALUES (2502,2,'scientist',NULL);
INSERT INTO `cvn_trad_prof_activity_type` VALUES (2503,2,'secretary general',NULL);
INSERT INTO `cvn_trad_prof_activity_type` VALUES (2504,2,'secretary',NULL);
INSERT INTO `cvn_trad_prof_activity_type` VALUES (2505,2,'senior lecturer',44);
INSERT INTO `cvn_trad_prof_activity_type` VALUES (2506,2,'senior research fellow',42);
INSERT INTO `cvn_trad_prof_activity_type` VALUES (2507,2,'senior academic tutor',NULL);
INSERT INTO `cvn_trad_prof_activity_type` VALUES (2508,2,'senior admissions tutor',NULL);
INSERT INTO `cvn_trad_prof_activity_type` VALUES (2509,2,'senior editor',NULL);
INSERT INTO `cvn_trad_prof_activity_type` VALUES (2510,2,'senior fellow',42);
INSERT INTO `cvn_trad_prof_activity_type` VALUES (2511,2,'senior honorary lecturer',NULL);
INSERT INTO `cvn_trad_prof_activity_type` VALUES (2512,2,'senior investigator',NULL);
INSERT INTO `cvn_trad_prof_activity_type` VALUES (2513,2,'senior lecturer',44);
INSERT INTO `cvn_trad_prof_activity_type` VALUES (2514,2,'senior member',NULL);
INSERT INTO `cvn_trad_prof_activity_type` VALUES (2515,2,'senior postdoctoral fellow',16);
INSERT INTO `cvn_trad_prof_activity_type` VALUES (2516,2,'senior postdoctoral researcher',14);
INSERT INTO `cvn_trad_prof_activity_type` VALUES (2517,2,'senior postdoctoral scientist',15);
INSERT INTO `cvn_trad_prof_activity_type` VALUES (2518,2,'senior principal research fellow',42);
INSERT INTO `cvn_trad_prof_activity_type` VALUES (2519,2,'senior principal scientific officer',NULL);
INSERT INTO `cvn_trad_prof_activity_type` VALUES (2520,2,'senior research assistant',42);
INSERT INTO `cvn_trad_prof_activity_type` VALUES (2521,2,'senior research associate',42);
INSERT INTO `cvn_trad_prof_activity_type` VALUES (2522,2,'senior research chemist',42);
INSERT INTO `cvn_trad_prof_activity_type` VALUES (2523,2,'senior research fellow',42);
INSERT INTO `cvn_trad_prof_activity_type` VALUES (2524,2,'senior research investigator',42);
INSERT INTO `cvn_trad_prof_activity_type` VALUES (2525,2,'senior research officer',42);
INSERT INTO `cvn_trad_prof_activity_type` VALUES (2526,2,'senior research scientist',42);
INSERT INTO `cvn_trad_prof_activity_type` VALUES (2527,2,'senior research',42);
INSERT INTO `cvn_trad_prof_activity_type` VALUES (2528,2,'senior researcher',42);
INSERT INTO `cvn_trad_prof_activity_type` VALUES (2529,2,'senior scientific officer',NULL);
INSERT INTO `cvn_trad_prof_activity_type` VALUES (2530,2,'senior scientist',NULL);
INSERT INTO `cvn_trad_prof_activity_type` VALUES (2531,2,'senior secretary',NULL);
INSERT INTO `cvn_trad_prof_activity_type` VALUES (2532,2,'senior tutor',NULL);
INSERT INTO `cvn_trad_prof_activity_type` VALUES (2533,2,'senior vice president',NULL);
INSERT INTO `cvn_trad_prof_activity_type` VALUES (2534,2,'senior visiting fellow',NULL);
INSERT INTO `cvn_trad_prof_activity_type` VALUES (2535,2,'senior visiting research fellow',NULL);
INSERT INTO `cvn_trad_prof_activity_type` VALUES (2536,2,'senior visiting scientist',NULL);
INSERT INTO `cvn_trad_prof_activity_type` VALUES (2537,2,'slave driver',NULL);
INSERT INTO `cvn_trad_prof_activity_type` VALUES (2538,2,'soil chemist',NULL);
INSERT INTO `cvn_trad_prof_activity_type` VALUES (2539,2,'soil scientist',NULL);
INSERT INTO `cvn_trad_prof_activity_type` VALUES (2540,2,'speaker',NULL);
INSERT INTO `cvn_trad_prof_activity_type` VALUES (2541,2,'staff member',NULL);
INSERT INTO `cvn_trad_prof_activity_type` VALUES (2542,2,'staff scientist position',NULL);
INSERT INTO `cvn_trad_prof_activity_type` VALUES (2543,2,'staff scientist',NULL);
INSERT INTO `cvn_trad_prof_activity_type` VALUES (2544,2,'statistics',NULL);
INSERT INTO `cvn_trad_prof_activity_type` VALUES (2545,2,'student',NULL);
INSERT INTO `cvn_trad_prof_activity_type` VALUES (2546,2,'supervisor prof',NULL);
INSERT INTO `cvn_trad_prof_activity_type` VALUES (2547,2,'supervisor',NULL);
INSERT INTO `cvn_trad_prof_activity_type` VALUES (2548,2,'support manager',NULL);
INSERT INTO `cvn_trad_prof_activity_type` VALUES (2549,2,'supporter',NULL);
INSERT INTO `cvn_trad_prof_activity_type` VALUES (2550,2,'systems member',NULL);
INSERT INTO `cvn_trad_prof_activity_type` VALUES (2551,2,'teacher',51);
INSERT INTO `cvn_trad_prof_activity_type` VALUES (2552,2,'teaching chair',NULL);
INSERT INTO `cvn_trad_prof_activity_type` VALUES (2553,2,'teaching fellow',27);
INSERT INTO `cvn_trad_prof_activity_type` VALUES (2554,2,'teaching head',NULL);
INSERT INTO `cvn_trad_prof_activity_type` VALUES (2555,2,'teaching member',NULL);
INSERT INTO `cvn_trad_prof_activity_type` VALUES (2556,2,'technical director',NULL);
INSERT INTO `cvn_trad_prof_activity_type` VALUES (2557,2,'technician',NULL);
INSERT INTO `cvn_trad_prof_activity_type` VALUES (2558,2,'technologies',NULL);
INSERT INTO `cvn_trad_prof_activity_type` VALUES (2559,2,'technology fellow',NULL);
INSERT INTO `cvn_trad_prof_activity_type` VALUES (2560,2,'technology officer',NULL);
INSERT INTO `cvn_trad_prof_activity_type` VALUES (2561,2,'technology',NULL);
INSERT INTO `cvn_trad_prof_activity_type` VALUES (2562,2,'training consultant',NULL);
INSERT INTO `cvn_trad_prof_activity_type` VALUES (2563,2,'training fellow',10);
INSERT INTO `cvn_trad_prof_activity_type` VALUES (2564,2,'training',10);
INSERT INTO `cvn_trad_prof_activity_type` VALUES (2565,2,'travelling fellow',16);
INSERT INTO `cvn_trad_prof_activity_type` VALUES (2566,2,'travelling research fellow',29);
INSERT INTO `cvn_trad_prof_activity_type` VALUES (2567,2,'treasurer',NULL);
INSERT INTO `cvn_trad_prof_activity_type` VALUES (2568,2,'tutor',NULL);
INSERT INTO `cvn_trad_prof_activity_type` VALUES (2569,2,'university research fellow',29);
INSERT INTO `cvn_trad_prof_activity_type` VALUES (2570,2,'vet',NULL);
INSERT INTO `cvn_trad_prof_activity_type` VALUES (2571,2,'vice president',NULL);
INSERT INTO `cvn_trad_prof_activity_type` VALUES (2572,2,'vice-president',NULL);
INSERT INTO `cvn_trad_prof_activity_type` VALUES (2573,2,'visiting academic research fellow',29);
INSERT INTO `cvn_trad_prof_activity_type` VALUES (2574,2,'visiting assistant professor',59);
INSERT INTO `cvn_trad_prof_activity_type` VALUES (2575,2,'visiting associate position',59);
INSERT INTO `cvn_trad_prof_activity_type` VALUES (2576,2,'visiting associate professor',59);
INSERT INTO `cvn_trad_prof_activity_type` VALUES (2577,2,'visiting associate',59);
INSERT INTO `cvn_trad_prof_activity_type` VALUES (2578,2,'visiting chair',NULL);
INSERT INTO `cvn_trad_prof_activity_type` VALUES (2579,2,'visiting fellow',NULL);
INSERT INTO `cvn_trad_prof_activity_type` VALUES (2580,2,'visiting lecturer',58);
INSERT INTO `cvn_trad_prof_activity_type` VALUES (2581,2,'visiting position',NULL);
INSERT INTO `cvn_trad_prof_activity_type` VALUES (2582,2,'visiting postdoctoral fellow',16);
INSERT INTO `cvn_trad_prof_activity_type` VALUES (2583,2,'visiting professor',59);
INSERT INTO `cvn_trad_prof_activity_type` VALUES (2584,2,'visiting reader',NULL);
INSERT INTO `cvn_trad_prof_activity_type` VALUES (2585,2,'visiting research associate',NULL);
INSERT INTO `cvn_trad_prof_activity_type` VALUES (2586,2,'visiting research fellow',NULL);
INSERT INTO `cvn_trad_prof_activity_type` VALUES (2587,2,'visiting research professor',NULL);
INSERT INTO `cvn_trad_prof_activity_type` VALUES (2588,2,'visiting research scientist',NULL);
INSERT INTO `cvn_trad_prof_activity_type` VALUES (2589,2,'visiting research',NULL);
INSERT INTO `cvn_trad_prof_activity_type` VALUES (2590,2,'visiting researcher',NULL);
INSERT INTO `cvn_trad_prof_activity_type` VALUES (2591,2,'visiting royal society research fellow',NULL);
INSERT INTO `cvn_trad_prof_activity_type` VALUES (2592,2,'visiting scientist',NULL);
INSERT INTO `cvn_trad_prof_activity_type` VALUES (2593,2,'visiting senior lecturer',NULL);
INSERT INTO `cvn_trad_prof_activity_type` VALUES (2594,2,'visiting senior research fellow',NULL);
INSERT INTO `cvn_trad_prof_activity_type` VALUES (2595,2,'visiting student',NULL);
INSERT INTO `cvn_trad_prof_activity_type` VALUES (2596,2,'volunteer reservist',NULL);